article_id	verdict	hypothesis	review_basis
85c20fbfaa5061557ad0cc71d3ce56b2	K	T6	crop damage from Taal SO2
f5a309d0e41e3b5bb5904b15efffabbd	K	T1b	fish kill 30t tilapia
8d2dbfcf32f23ce76a7a329f190fc27c	D	-	casualties only, no food-system content
cbffe6a3c031682d75b4e4a5a702c32c	D	-	storm debris cleanup, no food content
17d8feff2dbe10543f726122b1dd108d	D	-	bare calamity declaration, no food/displacement content
c0aaab54fbd1524d1c08023dbc657ed0	D	-	FDA food-safety advisory, not food insecurity
a9dade2c7948efb71b34f737842c6e92	D	-	bare calamity declaration, no food content
001b7ab1ad15218858d13799ebb89f6b	D	-	bare calamity declaration, no food content
56c62848b74950b437f58623c8b12368	D	-	river restoration event, not food insecurity
7ff117c0b0dab1a74dab6bc39b9bb01d	D	-	cooperative feature story, not food insecurity
b6a56d52fc935a2bb5e28dd309bce75e	K	T6	fall armyworm pest damage to vegetable/corn farms
6b7e643a5b959565c5855927cdcfad6d	D	-	routine planting under favourable weather, no insecurity signal
dfd6ca8bd0e0ef53124ff45a73c55481	K	T1	fish supply shortage in city market
9ec8f6a71012f10b5dfc14a182088a7c	D	-	coral conservation, not food insecurity
1a9b017a8147f559b0a86c362a157e1e	D	-	cityhood plebiscite
57beb7243b8fedbc50f49c8de0ff3100	K	T1b	ASF calamity, livestock supply loss
305919756994d86c5bf7e9aef4accaf5	D	-	festival feature, no food-insecurity evidence
4e5637da7233051e589c622324ec1fcd	D	-	mural/art feature
c1e4455689db4ba8277e981157e02c56	D	-	architecture lifestyle feature
90b48d6d6676fe46019875d25d570a14	K	T4	explicit hunger among Taal-affected households
3d86cbc7dc7243a489d33db52905a2d2	D	-	law-enforcement seizure, hog-supply link not evidenced
cdd3375d8b7e6400bb774f9416724a05	D	-	national flood-infrastructure politics, no food content
9c9ad6fca32abe3f76e9329168062b1a	D	-	ceremonial observance
0d8dd41c423c10999fbbf29c3370c47b	K	T4	Taal Lake search collapses fisherfolk livelihoods
97ef81bc5a683c58dc75ffea45dfc030	K	T1b	fish kill, dead fish on Taal Lake shore
03dff146d5be613b3cf2266b2de166a9	K	T1b	LGU acts on collapsed Taal Lake fish demand
a2a7358c9d282462845dc4ba1fc044c5	D	-	hospital flooding, health infrastructure
bb67b12f3a942ae8cb7820ab31653f16	D	-	public-works budget politics
cb96b52a19f13e4db5b07bea553ff5d2	D	-	coastal cleanup
b0750b69407bafe3b43e081294f3ca2e	D	-	human-rights case, not food insecurity
712132facccbba898372c07dd024949c	D	-	academic journal paper
468362bd1adfb859897ffd62e10d801a	K	T7	flood displaces 233 families
d53a9ced0e789ec55bee44491ecc360f	K	T1b	ASF vaccination, hog supply
981f18c9f116a2a44625e441c3e8e904	K	T6	household food production as pandemic coping
131f6e5adc9ea19d966ee33dfa3f4f87	K	T1b	ASF eradication, hog supply
c587fba41ecda0e3eaf498d556cc568f	K	T1b	ASF vaccination expansion
e5ff0e48e7fe3ad4f7d546991fe098b8	K	T1b	ASF calamity declaration
edb6747c27f2be9fb30b04a663832b1d	K	T1b	ASF vaccination rollout
c3f031ab4bc6fdc3539acd03ca6ea9a3	K	T4	hog raisers struggle to recover from ASF
f6bc1bcc8898a35999298244cc80470f	K	T1b	ASF vaccination
ffcfa14995d0744b0fb2daf1d62e8297	K	T3	food packs to ASF-affected households
3700ee510063afba4e67ffc771047518	K	T1b	ASF outbreak extent
a49c6260db50ce57aac2a7fb792df217	K	T1b	ASF calamity declaration
24d347b76b7c833484a6fcc0c1a51992	K	T1b	ASF vaccine efficacy, hog deaths
7e684a6b15615d4e55b7a3aaffaeb0f0	K	T1b	ASF outbreak extent
f7282f2c28201015a1c42125e7526b7f	K	T1b	ASF calamity declaration
dd71726e0f815ea1e71ee2eeeabc6b85	D	-	construction accident casualty
b50dd74e33914f4740b4f4ddebc2d3b9	K	T4	13,000 livelihoods lost, sugar mill shutdown
661e15230a7267b13f5b0cd3d12a58f3	D	-	marine conservation
d1312346c447095b808e761a8d0e5f61	D	-	bare calamity declaration
e0184072b04d189adb869d63dee163eb	D	-	charcoal briquette livelihood, not food
dab1f4d05c88c08999bd575d987e8497	K	T2	biofortified Malusog Rice, nutrition
f0ee36da60cdecb3e1bf7f0cc15f3ff8	D	-	bare calamity declaration
f5f65bcfee48103c4fbcd22cfdd60736	K	T1b	ASF animal quarantine
e452010dfadff5a6b08b176d6ec8ea1b	D	-	culinary heritage/travel feature
a903cd7e391f575b619b15fe1a13ede8	D	-	anniversary event, geo mistag
f8a0e1906ff3807c4ce8850d2f10a5d8	K	T6	egg production down due to El Nino
24a3052b64421cae9a75916521c7b9ec	D	-	San Juan City NCR, wrong region
b970c15e0d9657ed93f654c3db716994	D	-	national relief donation listing, no CALABARZON tie
8f875c514780d04f67ba59df3e0ac5c2	D	-	bare calamity declaration
50fda1212e1c82d809cb48e2bc9a22b0	D	-	oil-spill assessment, fisheries impact not evidenced
3599b6965f09009c14267da8219f07c0	D	-	duplicate of oil-spill assessment
26e60175b1700039f5300fc30b068202	K	T7	flood evacuation of residents
29e279b928d16e427fb3727d848d98ce	D	-	4Ps human-interest profile
010b122b7f66ff9730b2982d52f3e9b2	K	T4	cash aid to pandemic-displaced workers
ff3a5e2cf552665b909ec3a129f38670	D	-	legislative budget process
101262491e17d7efe9b999e16941dd5a	K	T7	Taal calamity, relief operations for evacuees
01c74e27b15fc5b2dd5d9a741af33c6d	K	T6	P74.5M crop/livestock damage
aaccc2d247a76affc2e7e9277ba2e3dc	K	T3	NFA rice distribution to Taal-affected
b730205dd7cb4286bfbf93646b75f7f7	D	-	weather forecast
357b4bcd72215a1af71d1025582eef35	D	-	business rehabilitation loans, not food
9d0cf1bc7c9c2c0bee641e2507e14e43	K	T1b	fish kill, 343 tons tilapia/bangus
60df4c2799ebab4778a3a1a42a09666a	K	T1b	fish kill, 20+ tons tilapia
6b454224b2e9206af510a535761cfdf4	D	-	landslide narrative, casualties
d505a1ce9827eda48e9ae6dc51080d57	D	-	political visit
c6d8a9307a8bf25a83b4a12f1434ed99	D	-	Cebu article (Gov. Baricuatro), wrong region
a213c073d68f8724729b39eabdb9d1c3	K	T7	families evacuate, landslide threat
78c1437d9a3632200abbfa59b5f86eb5	D	-	crime, farmer shot
1a066cbf9e6726412293e312c0270b16	K	T1b	fisherfolk recovering from fish kill
afc6e650aa73721771513b7b4749f3ed	D	-	financial-market closure
95304016adb3d5bd2c6cf8ddadb188b7	K	T7	Taal calamity, province-wide displacement
306588437c193d0157bb4a3011bec612	K	T7	Taal calamity, province-wide displacement
0cc331a8286bf1abac5803372b680a43	K	T3	mayor appeals for food and water for evacuees
6f8956950d5b8b4ac1bb568738316910	K	T6	P577M crop/livestock damage
b924257c148918446e777f9519865890	K	T6	P577M agri damage
a2f230c2fcd6a19a521dc4ef021fcbf8	D	-	medicine price control, not food
CBMiUEFVX3lxTE1VbHFURUcyN3JUX2pnQ2VIRFBqdGNuZmlHZ3pkZWlKTEVGT2thSjdoN05hc1NTWWdrbGpDYVJfTndxZ1R0UjZiMGdCZ2dISkg4	K	T6	P577M agri damage
CBMiswFBVV95cUxOWWQ3b3Vua1RDRlEtSktweWdiTTA1OS1ISFNROUF3VmJvUHpFWTJCT09MS1BFTzNOZmVEODBxWnVfOXVJNFNwbTdkMzlKMVBaaGlWVVpCY2cyNGR2WXBrYW1NN0d6bERVdTBOMkhUc0NXOHhTc3ZJTEFWaHV3dEtzVnNkMEp6d2VlTEVINHA4UVVSbDRBbHpJbnFJd1FrdUNTek5UNTNkQkxoVnZCSkVYcVdkc9IBuAFBVV95cUxOc2RkZlZDcmJWNEprZ2R2OTVNMFNFd1lrUFBaMEVVNHhNMU9MRS1qeXUzUlNnUlQzU2hBRWd4clViQ0pKdDVNbkpuZHlpWTVVMUJnWENfeS1VelV4NVJ6OTE3TWJ0TXRSMENCUW9VZU1kdnR2Tm1ZYUU4YWZMOEFCWS1JQklLUE9Ccy1xejd5RDR1STVUeHlmUmVQTGRxeUlTZVd2ZFJ2dU1TemJpYzNpdFRnYVFHX056	K	T6	P577M crop damage
CBMinwFBVV95cUxPbmVvVWRaNTR4NnVNSEZkSlZfbzFIM2paZWtONU1qRW9CVzFxMkUtUEpQbUwxMlNfTTFTZmdmLW1YZUdPVkFWSzVTOXMwTGVOdmd3bDNYTEJaeF9IM1FKc1R4dU4xMGk2ZlBGMFc2RzdyVFVyWFQxc2Qxak1jVi1KNS0wU3Q1Q0lfeER4Zk1GNTY4UV9wV3AwcUZFVy1wU2M	K	T6	P577M agri damage
c457c79d1861ae5d1f846875184ef088	K	T6	P577M agri damage
281f8532781f3f1254338063fefcfb6d	K	T6	pineapple farm devastated by ashfall
3aaf71344ae2e8c00d72812baee00b7a	K	T1	Taal disaster to push food inflation
cee52aa55c652c46f2f904f076d6c2db	K	T6	P600M crop/livestock damage plus aid
878b196d4002810a0a208e5597f55b68	K	T3	govt loans for affected farmers/fishers
1207adf1b01a60830c12d3873520c013	K	T1	pork/chicken prices to rise as supply tightens
545c880173e95edb241b92ba5978dbb5	K	T3	aid to 11,000 Taal-affected residents
f0ff35afb3e2b1dc99e0a544b337b9a6	K	T6	P74.5M agri damage NDRRMC
01bfd81cc4b4a6aad0818fac773dd78f	K	T3	P30M DA loan aid for farmers/fishers
907c2e94f900f051e92a3d302045f13c	K	T6	P74M agri damage
86b4819ef8e093217474a975ef288418	K	T7	Cavite calamity from Taal
b40f4801910058874ccb68c69ee0f689	K	T7	Cavite calamity from Taal
2c958e487636184e45b4c2812775badc	K	T7	Cavite calamity from Taal
CBMiwwFBVV95cUxPdUFVckxkTFJFNU5CT1ZFUC1kODB5SWE3TUhPaGlKa3ZGRXo0WnFZR2VYbDIwMU1WTXhoSk5MSElMZ1QzMm1YbERXbDRIQ0dQdkNwT0ZYUHVTUFVMdWQtRXMxd04wSlU0OTR2NVIxalRjeEdqcHBvVWRPQi15OVBWWk5fQmFseFRYVTFld3pIODE3dGVucWZsOWVxY2FJbTdHa1dSTnlNbzZ4eGRLTVBUQXI2STFlYVhFRVRVRzdoV1lDYWs	K	T6	P500M+ crop/livestock damage
3aede20ad5f640e3b1f6f852ca19a62d	K	T1	Taal impact on food inflation
bd3d29cc848021c111f1df47591a5ca2	D	-	corporate CSR/rewards-donation PR
d18c042235a8c9a9ffcc1e03bd289c7d	K	T6	P3B agri damage
61d6ff5f177e221140fad39fba92c855	K	T6	P3B agri losses
83d6878e2f26daf22510e7953a7dc5ba	D	-	entertainment CSR donation
1d224d7ee0fc74c9575fbfa0c430bd31	K	T6	P3.06B agri damage, fisheries worst hit
CBMiUEFVX3lxTFBzSzlpcFU3b1Y5clZ4VUFJakpRZVBORUF3SXgzYWtHVmZvZjRMZzFnMk9zLU9qdkFFSnpDNWtyWGVCZXlGYXd1UUJVZ1JhWmNU	K	T6	P3B agri damage
bee398d8422da0292ca8a359fb64e589	K	T6	P3.06B agri losses
707171a75eaefbf1212847d5fb0f2171	K	T4	Taal steals livelihoods of fishermen and coffee growers
7ae19fc67f7e750deb144e157169093d	K	T6	P3B damage, fisheries worst hit
5e2c4ce3465f92323ec77add5d996dce	K	T4	Taal steals livelihoods
f24cd107cb501ae40860d884573562f8	K	T1b	evacuees allowed home to feed livestock at risk
8813c8a4458a25a9e75041896ca4751f	K	T6	Taal farmers recovering production
64a7cf20c78c6adec643f5473751e64c	D	-	national agri output outlook, no CALABARZON tie
f57610bb23ce3b5e74ecc89fc8e18324	D	-	opinion column on cooperatives
5803b5d7b045e601314b26dc369fbe85	D	-	corporate CSR relief PR
45f5ba37604d549e1618223c66a6c9e3	D	-	tax collections outlook
CBMirgFBVV95cUxQbGJlV19pRk1MNXB3RDJTX05BTU9hRFJ1UVFEVVktNVRySy1xUV9GX3RRN0psenNJRXFBeGRUSWoxUkdxTXR1SkVBN2tKd3V5LWtXcTdObVpWWklTRE53SFVhbXBwMUxYbndEZW9aX2ZROTVhbHVCZ0tNR3V2TlFja2V4SFluWlRlMDkxaTJnc0VhQ283S0RiOHdHelhBdGFQbHdTYV9obkNNc004U1E	D	-	farm resilience feature profile
919769465e20b33d97a568f172399bcf	K	T6	flood damage to property and livestock
CBMinAFBVV95cUxQY2VYSUN1SUxnZVpkdzVWUFpqMXh2SW1XXzdHUGRPT2ExNHdydFFEUEthNnFsdnA0V0p4ZVdWUzhyYmY2bTBnQ2VRRkN5bXcwMENWWnhlSWdtQlYzVl9WdVBNTlhad2lpUzIzUThBdjV1YTJ4NGFuT2VNTm5tV3FmT3NuQkExdVg3ZHpUaUpFcU5FRWMzbWEwb01sSkI	D	-	rice extension programme rollout, capacity building
3be422bfeb43824737fb48737eaaac00	K	T3	relief food packs to Taal-displaced families
e21f8d411356e4577f6ca98cfc764650	D	-	LGU fiscal policy on IRA
a495bc857e63cff75b7696e0c65319af	K	T3	13,500 DSWD family food packs
d319c29ac6ae70480e3a7890ad7df7d0	K	T3	8,500 family food packs delivered
CBMiUEFVX3lxTE5RclBDdWhjR3ducWF2d1Z6R2lfR0c3bHBHdERjVVRVOUlYYkdCVndBWWJjX1p2NENSUW83OWNJbzdXR0JNTEw2WU9qV2xWRDRG	K	T3	DSWD food packs to Batangas evacuees
a55993b3b1da43a53d718cb654ebfa86	K	T6	4,000 ha of crops at risk from Taal
0c6af3a5785d7a5175d3bd5c3231166c	D	-	children welfare appeal, no food/nutrition content
b51d59f020af9ec937611a2d47e5477a	D	-	national agri GDP statistics
df7cbfd65bb5b3b102f0194fd8630c54	D	-	resort marketing feature
40ddbf0d22e4d166bbd4189fbef54fb9	D	-	national campaign, conflict areas, no CALABARZON tie
c87a0ee7ab54334ed5f96125d008e9bc	D	-	Ukraine war commentary
47ec69d492728e28e43892b86c23827b	D	-	corporate plant investment announcement
2c52784687ffeef8c68d845566dfbe14	K	T8	sugar workers protest mill shutdown
32200ff70d684fd540110b7b327c071d	D	-	corporate divestment story
d4be140cef3e95b003f5013d3f57cdc5	D	-	national feeding-programme pitch, no CALABARZON tie
baeeeaf32322a41f208a016041077021	D	-	national food-stamp programme, no CALABARZON tie
c003474832abe70f64b6fe6a47fc4bff	D	-	cabinet appointment, Laurel surname mistag
64d76255d4852d24ae6692dfdbddf344	D	-	national opinion column on food inflation
e3eb50c1cbb606f5e29454d0292a1352	D	-	international rice trade, Laurel surname mistag
856f6613d76c99af08b00b8d2a2782a5	D	-	national rice SRP policy, Laurel surname mistag
21e6947eed2f3405047248baf2b026a1	D	-	WTO negotiation, no CALABARZON tie
CBMiUEFVX3lxTFBaLURTWDRxSDRqQlphcll5azBNMElBU1lIdEozUVI5aUVJMjhUZXZ5VXdDbGNlcU9RNzRWbUF1Ymx0LXFIbXV0UGI3MDNtVGxj	D	-	aspirational LGU policy statement
4e259cf3195592a74bfa69b63339ce47	D	-	national rice tariff policy
49fd8e6b05e0930fc823552d8c5bcb69	D	-	national calamity loan facility
e751d206f21694a2f26d9f48d13c343a	K	T1b	Batangas ASF vaccine release
547f1d961c8a975a840af1cb96573f4d	D	-	social-media reaction piece
1ced800595f95cdab750f1d9b5e5dd60	D	-	national palay production outlook
497923f448e62f1eec808027f98f4350	D	-	flood fatalities only
eb1878f8dcc428507b6eb1d423533431	D	-	storm fatalities only
e8df85261d7ab1767777f4aee54926bc	D	-	international rice price policy
179537df29d79ccd9cfd2559d38eb50e	D	-	storm toll and rescue operations
4b6a7d945a5e1a2571e6e61d783bdfb0	K	T7	voluntary evacuation ahead of typhoon
c06807ab19dcc4985c65ae11b8f4e206	K	T7	forced evacuations ahead of typhoon
ecaa957020605ce4ab1d21b0d65fbd70	D	-	flood-control corruption politics
e598e6df8709917082cc3cf358538a65	D	-	Metro Manila rice programme
f7ec5be3fe100be6798cc0410eb0bc5f	D	-	national budget opinion column
b65be9b7f7b8083f3250e89dcf2cb1d6	D	-	national Kadiwa retail policy
3a9c5daa67e87f7a9d9e7e36ec83a14f	D	-	national DA technical working group
8348ddfdfa3e5e61c7e223eeeda71841	D	-	national farmers group criticism
7000fd2b9f523c42efa022218f68ce6a	D	-	national NFA mandate policy
93da017dcdd8a980119dff50a0060ba8	D	-	national agri budget allocation
361344c2d3f3223a079c35616e23d6a2	D	-	Calumpit, Bulacan ayuda issue
2190a081ec769d1b625d727f01aac00e	D	-	DPWH bribery case
1f215690f75f824a94ac54a09d596144	D	-	national NFA rice auction
fab881fda083ac954257cfaf9ef8f2e1	D	-	political visit to evacuation centres
1d8316f7589ae06ebd3e440f3d1ad7cd	D	-	national onion import policy
f67b177ae9dd0814f1bef2e3f05cc3a8	D	-	national fertilizer subsidy dispute
de1647903cfff2d9ad6d1e50562df82d	D	-	national rice tariff policy
1219833381e850c03578aea76abaead1	D	-	flood-control budget dispute
8cefc01f91a73a7b8187069d76e9012e	D	-	national rice retail price advisory
bec2c5587b061ed534c3c72f1e6d8591	K	T3	1M sacks of rice pledged to unserved Batangas families
106cf34761298f01e38c9ff1c2deefc2	D	-	impeachment and flood-control politics
5e62eb30e13910f82e60b7987433c78d	D	-	agri export negotiation
488cc206c737f48fdf5d9a9cce6193e1	D	-	corruption lawsuits
CBMioAFBVV95cUxQa05KUzc4R2JNTXI1V1Zpai15cHRJa0FvNUlXa3FnMnJiZWwwREVrVFpjSnF2TDJXbWZNZXF1Q2ZGWkpMVVVWZTBaODdMdGpjQlR0blM4N253aXhPUnA4bTEyT2RwVjVXSERwNkJYYm8xRkd0YTNQMU5vWUl3cl9tQmxhZTBjVEtQbVNTVk95aTdzOGs3cWtDX3I3VGg5dGst	K	T3	LGSF rice subsidy reaching Batangueno families
2ad44347011bd075bcb5429576ae99c5	D	-	human-rights disappearance case
4f25c934b09eabba6d55fe9a8ef3d2b3	D	-	agrarian land title awards, no insecurity condition
1b93aac2aa656038e9ab0b3070d00eaa	D	-	farm family feature profile
8aedbb6caa8491f7b56034d90ff2336c	D	-	maritime rescue
88e1786dd882f681f3d98aad0f229fa8	D	-	farm business feature profile
41a19c60211ece2347c57b369911ce55	K	T1b	ASF vaccine doses for Batangas
b19a856f2e9d0b0b0182acec1944e02a	K	T1b	ASF infects 8 areas
d27da10ce3010651ab56d3b89720a852	K	T1b	ASF spreads to 8 towns
1f2eb0e0fcdf29ceb703dfd0fae0233c	K	T1b	ASF calamity declaration
2aefa8ceb00ec3078d55aa19f3659eee	K	T1b	Taal Lake fishing hours restricted
1fd8c83fa983ac20cb556bce8a4b7518	K	T3	P24M govt aid to farmers and fisherfolk
d518129cb43ea15c4c206a301c6af5d9	K	T4	LGU fuel subsidy for farmers and fishers
aa84684d6d87f1f91b8cd7148be0fb45	D	-	political ayuda controversy
93149c40cf247f87279e912ef9fe99fc	K	T1b	more barangays hit by ASF
4ede8b1146c2c849d830a114d0f181cf	K	T1b	ASF vaccine delivery
8a71976a667d670d1030dbe1e1dfb24b	K	T6	P3.06B agri damage
0b4c39197434a494075458ebb2df140e	D	-	rice smuggling legal case
2027bae9be529a9eba65a76a05c76d83	K	T1b	Taal Lake fish declared safe amid demand collapse
d10e945585f9b7e53b74a5f26f160ccd	K	T1b	BFAR says Taal Lake fish safe to eat
2ca83c6368a44166e90079fa03fbf497	D	-	landslide photo essay
85f0747df95683f9ce8bd931f9f912d0	K	T1b	first ASF case confirmed in Batangas
66861c7baca12d0037dfc22d59052321	K	T1b	ASF vaccine controlled trial
28994565ff8a9382445171ca38904e93	K	T1b	ASF vaccine trial launched
f1c04c4bbb5fc4d8f1d259520cc4d88b	K	T1b	ASF vaccine rollout
15adbd19f612b31570628aaab05bc2fe	K	T1b	first govt-controlled ASF vaccination
aa7a3c9be5cc6783a5f05a820222ce7a	K	T3	community tilapia food programme for families
24073d428ecc05d0aaaa0f0d8b8a2ded	D	-	security operation deaths probe
172ff873140bf64f578696b1816e2641	K	T1b	closed fishing season affecting fishers
e5bae3387937d399e8da795c8fd2f550	D	-	aspirational LGU productivity plan
79168029c509605b52ac314b3c780bc4	K	T3	Kadiwa subsidised rice rollout
296311a00a236d50676f463c6e5bf8d2	K	T1	pork price outlook amid ASF resurgence
fd47406b9e9d87d5040d317f467bf899	K	T1b	piggeries on ASF alert
cd3c5a2ba3b61a86c42374825146bf52	K	T4	coffee farmers seek livelihood support
a0a2e5ce08529ce4fb70b4eede566612	D	-	livestock monitoring app, capacity building
3754109cc517b9947a31c33f36377cca	K	T1b	province under calamity due to ASF
7db5545ab148e23c4c787adebf5a93ca	K	T1b	province under calamity due to ASF
6b60ecacabaaf986e3c3bf03be9694ba	K	T1b	ASF containment shortfall
87e3fafb1bcbc57f418f22a3f62bdcec	D	-	road construction project, no failure evidenced
219f49e82847de3ecc71fef945336e8a	D	-	agri finance capacity building
d796a84475cf5e713f29971586c74a74	K	T1b	ASF vaccination expansion
039d0c44d10979fe0fe890251c27a823	K	T1b	cause of fish kill identified
96433899316b2b58ac249f41733c32e5	K	T8	agrarian land dispute
8cd6ba2eff6e8ef737f9887d7c384f0c	K	T1b	piglet repopulation after ASF losses
3a2d19790737ff36bc89d528feee301d	K	T1b	ASF hog testing at outbreak epicentre
81622299d74f56ce393b488a76eb1259	D	-	farm radio station, capacity building
3a0214cdffbb653f125fb0833318cd4e	K	T1b	Taal Lake fish declared safe for consumption
364342e3654c1dcccf16edbb6c248aa7	K	T1b	six areas declared ASF-free
984b6d36020a30f1b97c1aaab11e9dfb	K	T1b	province declared ASF-free
fbc1e30d95db48e9ebdf2a8418da4340	D	-	human-interest ayuda stunt
1da9439ce8638c51418cd454153f9395	D	-	maritime rescue
2971a236c571a4a46d98d006de140eb8	K	T1b	AVAC ASF vaccine rollout extended
6e72e92238af9db46ea08a40d526020b	D	-	vague fisherfolk feature, no evidenced condition
24466b40e6b88ebd51122aa86adc4841	K	T1b	Taal Lake fish demand collapses
cfba8c366a8d684872869164141ac673	D	-	flash-flood missing persons only
6658194386b263b7e02efcd935c80318	K	T1b	ASF hog vaccination begins
8b973ef2ffafb1056fe4cf61e33f1499	K	T1b	15,212 ASF hog deaths
6551cde9f9c9d861f3fba49a7bdfa2ed	D	-	aspirational agri roadmap
42807929b59c7d648d6b085dc276c371	D	-	ecotourism feature
c871b0550163a25cbe06b4224586c4b4	K	T1b	governor eats tawilis to restore fish demand
882770493a58a20677052da7d0c0d103	K	T4	Taal Lake search hits local fishers
f0d5ae517b6fed338b908e2de3ef81b8	D	-	unverifiable_publication_date (2020 Taal-eruption subject carrying a 2024 feed stamp)
401694aede4c125a71a669d12b8d58f2	K	T3	dispute over Batangas rice distribution schedule
5b21e37419cef8b7ecc37473ddadc6d7	D	-	sales bazaar, market promotion
c0d227307d2ba19a7cc01842e650ff3c	K	T4	fisherfolk livelihood hit by sabungeros claims
26a237a5818a5a33ee0a191e5d0eb3c4	D	-	farm business feature
6eb4f4d6a59721232be50d81dea38d73	D	-	outreach and information services
89a170988b6f67e6bbed6af84eaa0a6f	K	T1b	ASF spreads to 6 areas
537a854a2b653ed786746ff931128023	K	T1b	ASF vaccine arrival timeline
42424a5183be2f0b692f3b24c373cd8e	D	-	corporate hydroponic farm opening
e97b4492c23e22e59d8927208d80824b	D	-	lifestyle farm-stay feature
75807246ed5b234adad800c1ad44bcd6	D	-	"ambiguous ""CDO"" subject, CALABARZON tie unverifiable"
6ea1fa2c89a517423fd9926fc437bd88	K	T1b	DOH warning against Taal Lake fish
7e36f88f6e39033aedd6da50aa30defb	K	T1b	sabungeros case guts fish sales
4baad78dc8c1dd681993ce6e7b8f1a26	K	T1b	BFAR orders early harvest, fish-kill risk
48ba72a7267e073b670b6f10fb456f3a	D	-	search and rescue deployment
7b909d32f2e01ceb0ae32b3a73d53da9	D	-	corporate poultry facility opening
0828c8b3653325a6f42ee970d8e9a899	D	-	farm-to-school policy advocacy
6e17514da0426f2f26264a03e5548f30	D	-	post-harvest equipment grant
356c4f902e080c5accdb7a665bbfd61d	D	-	agri finance capacity building
602f926ca2a69a68f5148676e224aa10	K	T1	pork supply and price outlook amid ASF
76d6ba9b14fc50547fe50493a51c8063	K	T1b	new ASF-affected areas logged
ae9359aa401752c0a0110607a4f4c29c	K	T1b	P9M tilapia and bangus fish kill
06f54aaefd8ddcd119bc9d5e09e3b418	K	T6	heat costs farmers P83M
f736bb4c6135efdfed279b25dcc03e40	K	T1b	province under calamity due to ASF
1df3aa28774282e69347346f99640e0a	K	T6	ashfall ruins kapeng barako
1cc4d8ab64003d5a05ee99abe7dd399f	K	T3	food packs donated to Taal victims
fe1d41eae2054046857283ecbb32fa22	K	T6	coffee farms worst hit by ashfall
0642be36bac8fbdab2f422609cd37186	D	-	aquaculture technology adoption
5899cce2084e9294bb93204c242317f1	K	T1b	343 MT fish kill in Taal Lake
2d3bbcac9494e5ef73d077059e3d21e7	K	T4	displaced farmers after sugar firm closure
d12c19a66c477f260237346d381e587f	K	T4	fishers fear livelihood loss from closed season
ec1bc6328af799c729d2b2d1108b2f73	K	T1b	ASF vaccination strategy
892419857746c8c7ede06d00147b0c67	K	T1b	ASF vaccine trial
60b55948fdca58f344b43db77083d40c	K	T1b	safety of Taal Lake fish
68c85e2ac8be368992e1af0c8695daa4	K	T7	residents evacuate from flood and landslides
e3233b29c268c43195c5082e084f086c	K	T1b	parts of province free from ASF
cfea39432da184b5328d88e52e4a43c5	D	-	farm modernisation, capacity building
7355d9e76d6c08fb0bd79e65f5f572be	D	-	wildlife attack incident
1c949fee3a3578b5461756460c2bda16	D	-	corporate investment approval
f8be4bbd1f9825a4a65b16d4df58487b	K	T4	livestock farmers and fish breeders struggling
a2f068ddfffa6ecb47b9b6064adbe075	D	-	corporate plant investment announcement
4234b1ab21c9503d2c82c10f3707f703	K	T3	rice-for-work beach cleanup
f5a1fa6ed9e03fd00bc1553682e162b5	K	T1b	aquaculture feeding resumes in Taal
e4a0e2e1b8ed9b09626ed526825eccec	K	T1b	emergency ASF vaccine purchase
f6057d9f3dfee1976752ac35d356ffbc	K	T1b	ASF vaccine procurement
8ab1203a49da4041c4ac6b54d26974f1	K	T1b	P3M tilapia lost to fish kill
52170671f72434c9cadeb6dd68c3a201	D	-	fish port governance review
8cba0929852634e4fd881f42aa56fb4e	K	T6	farmland dispossession dispute
af75a42603daa634703910af499a08f6	K	T2	473 undernourished children in feeding programme
eb3b09adef264badc983eef3d687ee40	D	-	road accident
405348d5132f180c6efb7fb2af328203	K	T6	P578M agriculture damage
c4404af26f56b6bd73dbeb3dc5c788cb	K	T7	Cavite calamity from Taal eruption
c8cd762f8310a3506111d9ea32358362	K	T1b	fishers seek probe into factory threatening fishing grounds
dd6a4fa535e6991de496ea7451e28e10	K	T4	disinformation threatens fisherfolk livelihood
ebfd826d8aeb6b53f2ea131b3c7c8ef9	D	-	fraud arrest
d51c693c14df833334f080b90481514d	K	T1b	evacuation linked to swine virus spread
c79bb08fa00628d6e1ca50cdbd268205	K	T4	Amadeo coffee farmers coping with industry struggle
e271b06aab83c552f266e39bb596ea23	D	-	water utility supply projects
1d7bfcc0bfcc991f9ccfdfbdcb8d7f93	D	-	national customs operation, geo tie unverifiable
5b97262cedfd05fb2491eebfc8496e22	D	-	disaster-science commentary
CBMinwFBVV95cUxOOWdvVVJaYUpWaVE0b0pRY0JTMDRMOEhPVGlxRkJaOVo1dExUbzg4ams4aVhsUHJ5ZGdpT3dkY2hwZDJpbmJmeXBsQnBZVmtldWZvTzZSdzZLVFV3WDJGSU5KRERIWm5JWklLMHdGQVJCWVF4MHE1Y3dUbVRWd25xOTNkNllQc05JalNXTVBOUEd5ak1hTWswSmF2ZS1QbW8	K	T3	P20 rice programme launch in Bacoor
8b5afdc49326947687141d5ef43bbc2a	K	T1b	reclamation blamed for dwindling tahong harvests
CBMitwFBVV95cUxOa01LcXJVTnQ4b2tYdG5TeUx0c0ZJSHp0bkhZTllfeUVQOHlhT0ZUS1RfcDZXTW4wUkJRZ2ZTbjBaeEowZkRKSnEzOWM3VzB3ZGxyNWtfM181WTUwR01Oa1dXS0VXYmV6T29DbTdJX3ZCWEpDc09HaXV3SllrQi1MSkt3NDBvcXdQc2FEUkxaOWdFQmxtOFJXSzJFckJCN1JxMFVBLWQzOGE2ZzVOUGhuTnF2X1o1eDQ	K	T1b	reclamation blamed for dwindling tahong harvests
4d80115240b19d8f8d1a4677d92f70da	D	-	class suspension
86bb193986964d57866696bef5d5d10d	D	-	class suspension
57d6e257d33ee08648915991e1c302e1	D	-	viral flood-barrier video
467402a713a86a100bd0a061dc8aa070	D	-	persistent flooding, no displacement or food content
15933a551f89244ec74d37d5dff1bc8f	D	-	coastal fire arson suspicion
2bfa3b56d6c6ccf0efa7378f80376a31	K	T3	P20 per kilo rice programme launch
8dbbbec53ae9f4ea86713652073b49e1	D	-	bare calamity declaration
CBMiowFBVV95cUxObG5Kc2w1Tl85ZkhaaVU5anBYRW1rNjZDaE5qeDQtTkRuYkVuSlpLTWwycjFMSnRaTWFRcWdFbGhBQzV2am5mNkRuSDRaWUQ0RGZmeGpUQi1WMF9VUVhXQ0JRNzhnTEM4dkxvdnI5ODMwU0haUHkzWk9kMHlvcWFvMFRPT2tzczlVNUFKWlRrVGJsRHJmUllaTVpLcG5vWkhHZFJv	D	-	food month forum
5880fbaa0e550bc205b632bbdfe25171	K	T1b	algal bloom fish kill
30f75feee5dc8e197c94253114d7a72d	D	-	fire calamity declaration
9679365e94782fc26d672aa9dc246276	D	-	fire calamity declaration
385a89c52f63ac734f4cb5288fd9a6f4	K	T3	OWWA relief aid to disaster-affected OFW families
44b65b50322a451e0a9c1edec28131b8	D	-	flooding, no displacement or food content
c27d10ef8cb74621c9447b640d18a43f	K	T1b	mass fish die-off in Canacao Bay
9c32f8e1e6662d1378bc226172133930	D	-	enforcement demolition of illegal structures
a6d1e832351905eb1b1a241ed5451942	K	T1b	fish kill alarms residents
f84cc421420ef872955a93902539630f	K	T1b	massive fish kill off Cavite City
570d32ee388c04c013358612b5ba7651	D	-	fire calamity declaration
d69dc38c0e74c964a2353f87fe7cf479	D	-	food-safety seizure
742b5bfa737953af2b8bca1df0a88a62	D	-	food-safety seizure
7e67fbc9ab7c4ea02b252050dfc83e74	D	-	housing relocation programme
d3f6e503234fb8828fe9749df19bc91a	K	T7	2,100 residents evacuated
911309cce835ef648c865a82a226ecdc	K	T3	seized rice distributed to needy families
5133d289e84d622cd0ec7953fbc95cd7	K	T3	P42M cash aid to typhoon-hit farmers and fisherfolk
CBMiyAFBVV95cUxPUWE5V1VvVmhPekZBNlVOSjBMbFB1SHI4YzZPSFpfbXp2c090TndDcGNqT0hnXzZxakNYbG1jNDVoVDlqa0lOekVWZTFjZlNXV3U5Sk9nSVVIQ3FGOXFkSTk0UGNGSUNIM1BfbWh3UGJ4ZGI2Z2JWb3hhUEo3UVdrN3hOblhoaG1kX1dNTHktYW40TU5uNlBhRlBfX0FuSDMxTDdxUEVfMEtub3l3NjZqaUNvSFR0VGtGdjJ3a2QxWTF3aVk5WEhZUg	K	T6	expressway project killing Imus farmland
4e65e06bc665f326b050d3eea991e57c	K	T4	TUPAD cash assistance to informal workers
ed8a83856ca27d14ef8165eea458f02e	K	T6	expressway project killing Imus farmland
ea685546474ec604b52792e4a6c2a966	D	-	harvest photo essay
1ac98781686be0bf2d03453643fd6880	K	T3	BBM rice benefit distribution
57fed99e3aa0210c136b06c5e356ab9e	D	-	celebrity election commentary
f0b141f43e2c58d9a9372b5e33bec746	D	-	opinion column
9cca468aa984347ae6d62d96c0c7e203	D	-	celebrity election commentary
b2d56ce060e058c7565cbb386a73b365	D	-	celebrity election commentary
7b2bf3590189494cfab9ba375c3c0139	D	-	flooding, no displacement or food content
655b14e9792dab24aa77a5445300899e	K	T1b	fishing ban detrimental to fisherfolk livelihood
e3d2bfa7bb0b1c10302445582716fefe	K	T8	violent demolition injures fishers
2b28782a60f7c92d4476183356f1498d	K	T3	rice aid taken back from 4Ps families
c6b8789febacf0c26f1a6c59c608abbc	K	T7	260 stranded families evacuated
d0f8fdb50ac54e82808a32e7fb392185	D	-	election campaign platform
0a11036a36f9471d732045de38feda4a	D	-	Nigeria agricultural insurance, Naic name collision
19ad5b96f714281159da09279bdb6868	K	T7	river wall collapse, residents stranded on roofs
c04724dadd3d790277531b9641ef34d0	K	T3	presidential aid distribution
60db5d83eba51034c4c5d10e01e298dc	K	T3	aid distribution failure investigation
8407e66602aaa7fdbcd6b1c96a104307	D	-	corporate CSR relief
92b576f5035c979a3867080c9adbf8d9	D	-	flood-control infrastructure inspection
994dd3f10d8d341a5ab7a97c461db0e7	D	-	impassable roads, no food-transport link
1b72611e299469626636683dd907036a	D	-	pottery studio travel feature
dc52eb7dc7e994bb08dd6b995212071d	D	-	coffee destination travel feature
bdc19aeb824c4f636ddfc8ab122f98c1	D	-	agricultural festival
084acbd63768ec34e8b9bb7549217d3d	K	T6	ashfall devastates Tagaytay pineapple farm
e9d8f30fbd6cc7a17e30b43e0bb5c0b4	D	-	national feeding-programme column, no CALABARZON tie
e16d9ea4724c01d9799e7f3ebb50ea4b	D	-	nutrition month ceremony
1a995d766bb0ae3ddd201ce178ce82f7	K	T7	22 houses washed out, 699 evacuated
30a8dc06e8e303b9ba77bf9e812e844b	K	T7	relocation of 1,300 coastal families after storm surge
e17ce1375f21d200930081610ec14d6e	K	T4	livelihood boats and engines for fishers
bcf1a42c064d9dd66287ffa76a3e6cbf	D	-	recreational fishing video
bfda6cc5c56473caefc9024ca507aaf3	K	T3	rice assistance to 800 flood-hit families
9157ace5d8c9c8bc676e0283f1b25037	D	-	bare calamity declaration
7ea579f41c86fcfd12a6e729abf16bd2	D	-	bare calamity declaration
a56592da331665d530bb6936f552e67c	K	T1	price and supply monitoring of basic necessities
CBMimAFBVV95cUxOWDlmaGF6My1tZllKd1lCZ0I4M1JCVGpJZTVSQUNUanlCVGtLUGxSampPa1pBS2FOOWJFbkVCQ1VVcEMxYXhBQU5LT2luRF9xSW1CTEpONzJSRzBrankxSl93enNLNEVYYU14RjlGaHJlaFlqb2k1a1JSV25NUV80R0lDN2xrSHRabUhJalF1YksyS2pTQTc4cw	K	T6	coffee farmers struggle after ashfall
c54bbcdbace906a3da87eba52c0867b4	D	-	COVID calamity declaration
c4d7759720d5a66474b83b5835a9c494	K	T7	LGUs evacuate residents from high-risk zones
f0135133e9ea2c7bf7b16cb9aba5be20	D	-	bare calamity declaration
518013c76157a92a9e05b2a933fec6f5	D	-	bare calamity declaration
2c8234485406a1601870bc610df4155f	D	-	flood-control infrastructure completion
8d807a4ad58f151125649c6038a48dee	K	T2	vegetable programme for 10K malnourished children
2abe86df4ba0028fe7a444d4d99220b9	D	-	class suspension
96b9ad774dad2f9048a009d3ced66ba2	K	T3	DSWD aid distribution after typhoon
b92366e203a34d1514b354db14e0512a	K	T7	floods force hundreds to evacuate
ce54fc1d44c27d4ac3e47ad33c931e7d	K	T1b	oil spill calamity in 8 fishing towns
934232c1febd50be22f39eb628d015c2	K	T1b	oil spill calamity declaration
CBMiogFBVV95cUxQd21WWldPa2g1cEZvZGVOd1ZzSzdPQi11LXFpNERGbjdYYUJSQk9xS1Nmd2NHYVlBR3Z5R0JJa3NxY0RaemtfYjZxZl9xOUFpOFh6NUtJZFd6NFpuN0xPVW1ocDFST3NWLVZKa2RHbXlBLWpZUVJyWkdrRmZONTZpMzhhdWo1MlpWMENlbUZ5VGR6bXRHYkk3Y1BheGl2ZjhSbWfSAacBQVVfeXFMTlB4NUtnVnZSLVh0MjhaeGNfbU5Oc3o0OWwybWFrYWNmM2tLalNtQVNEMXpZRFRkZVBEQzFRRU9PUmdOR0k2cUVqSlNSb2lGcktmMWg5WGZxNVFTRUVXaXFQanl6N0ZFV2FfMU96R3ozc0hMWWRyanRWc1NjSm9CMG85RkhfNU1jeHFTY2p5VEZPTmdubVI3RDlsZXl1TEZpSGJlSU53RE0	K	T3	aid for 1,600 oil-spill-affected fishermen
dba4e06a041811d43e2ca25ae5c6ffb5	D	-	bare calamity declaration
4dbb679f3d088a89ec88ea67894c6d7e	D	-	infrastructure project approval
34c6fb8e8a76a4415e60e501662b440e	K	T3	subsidised rice programme expanded to Cavite
450be2fd20734feb15c641f1e466c0b5	D	-	climate policy forum
25ec5bdcc43fed063b45dbbaafc24694	D	-	opinion column
ad07d5ffdfe27e20990f0dc4cf682d0a	D	-	bare calamity declaration
120763993337178c32da3b8082c06372	D	-	celebrity waste-disposal appeal
97f97ac1862937c2d9e6413cf0abd3c0	D	-	hiking trail closure
8162eac0cd53909853d9cd9537d1a4b3	K	T1b	consumption of fish and shellfish prohibited
ddd0510e4a3309b6d6c1d930120c1ebb	K	T1b	fish samples tainted with petrochemicals
14ec61d6c59200146d3eef64a46c09b3	K	T3	P178.65M aid to El Nino-hit farmers and fisherfolk
ae7a95ef0e5a066176f5242c958f91b6	D	-	smuggling enforcement
45f6f462edab4e2dffd37209c087ceec	K	T1b	dredging causing fish to surface
533c0c3cee8f5a776a0943cbca248f62	K	T1b	algal bloom fish kill
4e0c50e09f8ef16f4a6471f5dbb64e55	K	T1b	public warned against eating fish-kill catch
b6ad8e61ab553cc287e09fe8c16bd7bd	D	-	document forgery arrest
b8b764bca9276d72be77d2e3ef6f1c91	K	T1b	fisherfolk seek suspension of shipyard threatening grounds
6a0d10fae4c97f5f94cf7189df5c9e4d	K	T3	rice distribution to 4Ps beneficiaries
847e60b7589dfa9792798ee5f8e999d1	K	T3	1,200 sacks of rice plus DA farmer assistance
8007cb353b9be5dfb3dee1804894c15f	K	T3	seized rice distributed to 4Ps beneficiaries
91c30a44bf88f4184a508940e3c28026	K	T3	1,200 sacks of rice plus DA farmer assistance
052df30a30c4b0307ef570e402d5b225	D	-	bare calamity declaration
a6497ead6d9108dc3425d0cec894931b	K	T1b	fisherfolk protest fish cage demolition
fb085b338acd160820d6bff8eefa8f1b	D	-	bare calamity declaration
ec184d95a83df69abc357123192f0e1f	D	-	nutrition month ceremony
d0fae2780effe4deb5b8644baafa8505	D	-	farmer briefing session
0c02556759db85c7cdd55741358d8894	D	-	farm feature profile
d6ab643411aebd3128eabc878f512842	K	T1b	fishing ban lift sought
2c18a8e9f850ecad329926c8b5ba711e	K	T3	rice subsidy to typhoon-affected residents
3829f8d5776d476feccd9717427cfeea	K	T4	livelihood boats for fisherfolk
47a77cc565ce4a9818e174158057586a	D	-	celebrity farm feature
ea44a539fa8c13f40a31b2f0be7ef7b6	K	T1b	dredging and reclamation reducing fish catch
d4218bcbb7631c67a2c4290639ffc868	D	-	irrigation capacity building
cd645ba9e2f688d447da3b3c922de15b	D	-	trade-industry newsletter, not a news publisher
ef15b7a9cf3739fc40b693360267b496	D	-	harvest festival
fe8d14060a6079aae26fd886fdbe1ae3	D	-	bare calamity declaration
77b76e3ad1c337fd8e366f5f0260806a	K	T1b	oil spill reaching Cavite fishing waters
406da918f145a8fa548e006b905dbcfd	K	T1b	oil spill reaches shorelines
a90d3407e951e22e7f92484373e4925c	K	T3	food packs for oil-spill-affected fishers
111de8efee6cb37b9ee81d8023bc1833	K	T3	BFAR relief for oil-spill-affected fisherfolk
c0de0818de49b398212416028fd0a936	D	-	enforcement demolition
a8556721caa1b63d90e28e7c0f351ba2	D	-	farmer feature profile
c619aa12b8473a7b99e1cd542a1b56f3	K	T1b	fish and shellfish still unfit for consumption
cb5da44cc943437247728c48e061466c	D	-	salt harvesting photo essay
fbe59133048cfb2d4d4854cccb0b9efd	K	T1b	suspected ASF deaths in piggery
244c6a515a1b3f3de5dcd83f3565efef	D	-	enforcement demolition
9df8c68db3ab75be731d44729e992cc5	K	T1b	fishers seek revocation of dredging permits
a3687be4c9d7322d6bf014a55d4ffc86	K	T1b	fisherfolk seek cancellation of dredging clearance
6ead0ec2000ac833bd93bcdfd97a8e5c	K	T7	floods force evacuations
b56ea1a04a8bd5d4b03fceb17adfb77b	D	-	local political exchange on ayuda
a4afa7c74aa92c82dd349d505d027985	K	T1b	fishermen halt work over dredging and reclamation
66f9a794dc411be7d275f34d31485305	K	T1b	fishers alarmed over oil spill threat
4069a0d76d980e7eb9a95788ad364a81	D	-	stranded commuters
abf492fb2c670403b93547dae3866a8f	K	T3	DOLE aid for oil-spill-affected fisherfolk
7e2e3c616f11ab0b06e7eb1dba4b7340	K	T1b	oil spill calamity in 8 towns
7049f5ee504d12a3c615d4f9adc950d3	K	T1b	oil spill health risks, towns under calamity
420065f3bac91e96c358c34ac4bc389c	D	-	dairy business feature
ac09c07139185a85740137310a9bdda7	K	T4	higher fuel costs shrink fisherfolk catch
29c7670535cafab70f9e2f106dae0a9f	K	T4	fuel price hike burdens fisher
f924cad4a6e417a31475f6da80915d74	D	-	flood-control project directive
9ebef632bdb503beb6371ae1f89f9ded	K	T3	subsidised P29/kg rice sales
d8d6b9bf3598941c67088532b40c76cf	K	T1b	fishing ban maintained
51e12b7e1a570cef03e23da3c33523f8	D	-	dengue campaign incentive
c513b49b01c50a704e7e7e7b91e04372	K	T1b	algal bloom fish kill
dafe9db4d71647feeaa556872652b42b	K	T1b	fish kill monitored
7f6bef2520c55394e99c37617a7e8a84	K	T1b	algal bloom fish kill
ff70c048b5dd8fecd59bd704cc412e83	K	T1b	BFAR assessment of fish kill impact
dd7ecb200c5521b88493f3d86252ac3a	K	T3	Kadiwa subsidised market for farmers
94dc76e01e74502150a41e7d2c030f16	K	T3	presidential rice distribution
48b8902caa0243a190a5f8add6b0499b	D	-	irrigation capacity building
1378c62d2766120223b23990b890be50	K	T1b	dredging and quarrying threaten fishing livelihood
89c21acec88dccba7c414b96f5f31551	K	T1b	fisherfolk lament dismantling order
364c87ec28564e1bffa7668fe792d355	K	T3	cash aid to fisherfolk
10eeee71ac326286d3cfc1e52cb514d5	K	T4	fishers and vendors seek oil-spill compensation
8c823c15d22358503dba0c866a26273f	D	-	corporate CSR feeding programme
f86c080f67e7e70bfe420228af8274e2	K	T8	fisherfolk and farmers oppose demolition
a14e5021f3fc09ee2be95fb838362a43	K	T1b	Cavite fish unsafe to eat
ceaff3fd3cdb6a830ef3f4defd62d961	K	T1b	fishers oppose reclamation of fishing grounds
f9b4ba95d5a6d601eb4e2fb12c2dd774	K	T1	farmers coop lowers prices during ECQ
45295709268b2f13fed07174920de8bd	D	-	post-harvest modernisation, capacity building
e4a9806a246820fba40bd914bbf9ea91	K	T1b	BFAR investigates massive fish kill
bb0bf5ccdbb683e71cdaf353ca361f0c	K	T6	farmers brace for El Nino
bb7b22a3e4d1b6d8e3df94c884e0d7f1	D	-	bare calamity declaration
b7971ba3a8d8b22f4f64849acb7f9516	K	T4	29,000 fishers livelihood at risk from oil spill
8183851025fd10ea9aae45daabfd9b3b	K	T4	fisherfolk struggling amid monsoon and oil spill
edff87433fd4e2f697a01a29892eda07	K	T3	Kadiwa outlet opens
823cca9e6dcf215813e1e7ffeaa08d1e	D	-	promotional feeding-programme notice
555bd8ad441a1e7e5edbc854022a7d5c	K	T3	P6.1M for oil-spill-affected fisherfolk
679bddf676f1ac99bc56ce1058c8bd24	K	T4	compensation sought for disrupted fisherfolk livelihood
2bd498ed8b8e1ec7e21b4ffeb7194379	D	-	enforcement demolition
b81a62a8f9050abafd927ae984041385	D	-	enforcement demolition
447442ac0b6b52c95cb3837a748d7c6b	D	-	bare calamity declaration
bc45de02f0fff02e21f494951ab02ac4	K	T1b	fish and shellfish unsafe for consumption
c176ba62855a6e5f952f1109a2b33be8	K	T1b	fish kill reported
a66e6be65787111e05992057dbaed55e	K	T1b	PCG reports fish kill
6915721263a4db257edb78883b8198b7	D	-	human-interest gift segment
2eb07022dcc9365be51eaa1e9035d3a9	K	T3	groceries and rice distributed to district
9b98243c04de82bf790de6b20283064a	D	-	nutrition planning policy
83a35302a0b9f1dce6983139b8a14548	D	-	bare calamity declaration
4acf4bfcd0083e8370187fca9a6be2a2	K	T1b	oil spill calamity in 8 towns
5288cf687d455cca49bd7742ce347bfe	K	T1b	oil spill calamity in 8 areas
0a7bba743c6df6ef9678cdff6e8af140	K	T1b	no-catch zone declared over oil spill
369f8645272b9e301c489077460c8530	K	T1b	oil spill reaches Cavite, calamity declared
51492af7b8094617035f2b514cbbe27b	K	T3	concern over ayuda distribution failure
c5b5bc737838caf23e2454cff6b048fc	D	-	youth farmer rights ordinance
6eccdc67952be89c0e989a7978572f5f	D	-	improvised flood crossing
c0bb9ff9027063ab3d81d907fee337f2	D	-	promotional health and nutrition notice
fc516791e1993c9ec9907041198816f7	D	-	circumcision programme, ISDA acronym false positive
94fcc614f96f7216f39f3dc0d3ffe870	D	-	hog yard sanitation enforcement
e65daaae63b216272cda7aeb4f8ef44f	D	-	promotional nutrition office statement
836d6ba62e4f281c290d7fcbd642d109	D	-	food heritage feature
3870642159d6cbd43e5df348224f7a15	D	-	improvised flood crossing
CBMiUEFVX3lxTE50c1Y5aVg3alF4UlVna1YyS01WdWlhaFNTNUdNNEFTNW1tZVhlZGRjaks1c3VlcVZkRFJyTDBaeGF3TmFINmZyVEJBU05HVENw	K	T4	fish vendors displaced by railway project
89b065e1491f042ab4bfd4bf42a5a310	D	-	landslide missing persons
4fdb2a9e8add8e28e3d855ed962f562c	K	T1b	ASF border control
c41fe32c495b8ff368e53816eb2211c3	D	-	corporate housing CSR
b9452853a6757849b4d467f4c55f041c	D	-	corporate CSR community garden
affcb6765d25ef1c6a44efebb9f33c14	K	T4	palaspas-making towns lament lost income
0cdb8c3a68f0dcf48843acc1ff02c5be	D	-	farm feature profile
056c9ae76fc69438bc489297149aae1f	D	-	landslide fatality
bc05f898a76ac3d932273ab1353bb960	D	-	distillery product pivot
b123f229ad1b6488c1c0315fdb94697b	D	-	flooding, no displacement or food content
d4e09f68cd361352f9facffd3661b38f	D	-	national price-cap commentary, affiliation not a location tie
3c92e410234ead8b204eb573d897f627	D	-	national logistics and inflation policy
984748341115a5fdf6057c3155721453	D	-	academic partnership
24e3614ab9ae8a3e850a96d537af683e	D	-	academic partnership
47fa833b976c6be6f84e60668f828180	D	-	rice research
6556c69111f1a7b6c77b07850c5fe606	D	-	agricultural research
c0e57631baa81e288dcfc999be518779	D	-	research support to ASF response
1a9762042176a4964f5f80ff0f458462	D	-	policy proposal by researcher
118103ced816b96a818e270fd6534efc	D	-	science forum
af4e1da97ad4ddcc76e256a862258818	K	T3	ayuda distribution readied
1420257d3681bb5c3435d479cde80086	D	-	rice research institute release
c456a52d40c27277d2a3b1012a9df22d	D	-	rice-waste awareness campaign
be4b30f987458b2ecd0f7dd0e9533a18	K	T2	municipality addressing malnutrition
51bb5e3a01fb83b44783c303f976291c	K	T2	partnership tackling malnutrition in Laguna
464e60923861e81fea1e58c215ee2acf	D	-	rice research collaboration
a0fff460dbbb0b40676a92bbc2d84775	D	-	biofertiliser research
4709e185f26ed9bc8ee9b0ae143df2ab	K	T6	half of town flooded, P3.4M agricultural damage
CBMipAFBVV95cUxQaW91Mnl3dHJMRzFPa3pDcEpxN051a0thNGFVbmNOcWdVYkx6QVlhd3ltQm8taTZfNGZ5T0ZsRV9CeXF0ZXJYZExuMWxENVh6QUN3S3BXaVJzRU5KRDg5SDVJT01HSGhWcDYwa3VIenByV3Rka09POHFXNm9sM2RHMGQzM2tqSFFjT2VsM0lIMmJHVmE0YWYyLWRqTWtrQkNSYzZQWg	K	T6	half of town flooded, P3.4M agricultural damage
db502f6dee50d4732cb50a07aca14168	D	-	landslide fatality
526f7d8ec8ae59e1a111ac7950200f4b	K	T3	OVP relief aid to storm-affected towns
dda7a7c8b2f06a051229991cc31fc387	D	-	national pork price policy, Pangilinan surname mistag
f8da6f26a90114d51479be7d0b7cbcf3	D	-	bare calamity declaration
8792174a2cc49e1b6fabc906c43d1020	D	-	cafe product feature
93e80eda0e2ad466799a2f8257f3df5b	D	-	bare calamity declaration
c1e5ecab85d7a948a7a5720db2df204f	D	-	flooding, no displacement or food content
0c025c604a9cb5743e8d4ed339e91a31	K	T1b	fish kill in Laguna de Bay after lockdown
50d8ae89fc8de5bfadb3921ce48b0a30	K	T1b	2 tons of tilapia lost to fish kill
e6e165b4cf102b6d650c3e353c448df4	D	-	corporate CSR relief
a5301a9dc74ac649cd22ad68fc06d625	D	-	flooding, no displacement or food content
9b3eec55237bd917e5e6255c112509d5	D	-	flood-control summit
b55d67704b2291b52cf9a48bde8177a8	K	T4	laid-off workers turn to side jobs
59cd3287d70fb7928c2536b2f1274a03	K	T3	Kadiwa store opens
70f22ab463840f8823892c883079d1da	K	T4	plant shutdown, job losses
e9e62785e019d2f7abf5bb2375177825	K	T4	online market for farmers and jobless locals
f578e269de6a3577b45223017527b48b	K	T4	hiring of workers displaced by lockdown
6094115392f8ee9f042a5af3b5f98f48	D	-	national agri panel reconstitution
0e99208c578ac4b658302fd534281c3e	D	-	food culture essay
6c84516e86532ffc044fbe27c19cb27d	D	-	flooding, no displacement or food content
6f540f9539c9a0c451134dcc3f178b81	K	T4	plant shutdown, job losses
cc43cbebba52891ded9b6165a5d761f6	D	-	West Philippine Sea fishing losses, no CALABARZON tie
b52367859b6a59a8910e75ff6bb79d3c	D	-	national election platform
79770ca6cba905cf2dfbd5176a11a1e4	D	-	opinion column
631f6e861b0b75a58a7dbad5a73eeeed	D	-	maritime territorial dispute
c43900d5923c86e1188efdf43bbccf36	D	-	school cleanup
fc167600c098b24122bdf95cae948329	D	-	editorial column
eef880ea60386ff9d8d4051006d3c58c	D	-	class suspension
CBMiUEFVX3lxTE96ekJKSEpFTEZFRUdEMGJxS0xIbkhselpuY3pqOG00RVY5ekFRSlNEUEoySVFFNEVWSUl3dmNYM1p4cTdEcXNNazh4YXd6cy1Q	K	T3	food and rice assistance programme
f88b3d592ead8502108c36c34fb9361c	D	-	national programme launch, no CALABARZON tie
CBMitgFBVV95cUxPbWxQY1NvNDJpM01vMnJ6bjR6TmpSdTZMUHlGd0t1UGt3a2ZOczNzMDRXN3dhaVFHXzh5dlFiUldyWTAwNTNBR0ZBbEhJM3dEQ2VLWmRwTE95TmJoQXZtM3lvSnl4QUwtY0doUS1Vb3BPVXpKY3ZpME1LQnFGMTlTR0NzVnZySzIwMHNEZF9sWkZoWXFGMU8wSTJDNWtLTmR5akN1R2VsUnYwcWY0T1NiWXNDU00ydw	K	T6	NGO farm established against hunger
CBMiUEFVX3lxTFBHNFI3R3NmZzcybFkzSnd1N01sWHg2Y2tSNjdNb2x3X2dTdUkzTHp6Mk9CRVlHWXFnR3hELWZIZ3lzOHMzZHRPUUJKR18xVGpj	D	-	aspirational production programme
7406849cf937dfff2f7c48101d41380c	D	-	holiday message
CBMiiAFBVV95cUxQOFg4OTZIWFlRb3FtdDBQVlVPOElIX2NaMnVBZG0yM2FlWUVvc0VINklhNHBTclNKZXNJbkpoYzFkdXFJZWpfSWw3UVBpMXB3X2ZWUEZ6VFJGYnFjTVhKSEo1RHFtQ1pFZHEwbURGcEUyaXlEekRiamJFSnlVWDNiUXJqVzFpc1FD	K	T3	cash aid and food packs to storm victims
CBMiUEFVX3lxTE1WTk15czAwYjNzSzFnZjd3QnVaODlPNHJhMzcxRUVxTGxjWGY0bEhocnFQeUFsYWltOEtxRDRzbml1MUEyWUNCV05uekY2THNN	K	T3	BBM Rice and Kadiwa services reach thousands
fe68511168113bece54ae9a19ddef1fc	D	-	political funding column
CBMinwFBVV95cUxPR011YUJvVjdXY0RBNzAzRGo0MmRfQnFYWFZsbDAtOGxOZmJfenpNZWVRRDR5SWJ3cFc2VkdqbVB6eWs1SEVUbFJjdHFxNzRMX21wa0pDcnJLRjNhQm8xNG0wYVR6dUVmd1c3UnhsVF93SkNJdEo1c2ZTU1B6Y0pEVnU3OFh4eHZLN00xUzY0TWVuRG9TY054RUdwWDRDYjQ	K	T3	P20 per kilo rice in Kadiwa
af6c5c0cfc3c09f69387edfe38c5eb07	K	T3	hot meals distributed to flood evacuees
2d99405e1f20c95bc7fded1105424fdc	D	-	naval deployment, no CALABARZON tie
989e0989b7e82af460fcc2b8c45dd8e8	K	T7	residents living in evacuation centres for months yearly
56f88c9002213c0312edc61d485b6228	D	-	opinion column
9fa814a707541ade3091ae35198709db	D	-	pollution source tracing appeal
d5463617fc39c2ad0abdb4d706ca9764	D	-	US local events listing, Laguna Beach name collision
ca791c4e3a2597504a4a4ad530dfe9e1	D	-	US technology business report
CBMitgFBVV95cUxQTU5EOVBiRmdFdWFBVjRHbER4QnR6MURvSTJHMEZnaHNqdXlwXzVsaDAwV3JWVDNvczAzTHE1LVNYQURDay15RkJWWGdldmgxS0dVdjZRTElidFNSVFJFNDJFLTdEOVlNbnltd1RsOFRGNENfQUFhcGdpYVUwOE94WVpyNnFFMzRtMVBscWdib1ZEVkEtdzVTaFhEUHdaS1JIakdCdkFYTHZVUVQxYkdTZVU4ak91Zw	K	T3	rice programme beneficiaries receiving aid
8483c0b995dfd0de3dbb880c2c10d5f0	D	-	school facilities donation
f3f6da78df5821df81eb0b67c358309e	D	-	US celebrity sports item
66aec22782009e91c22b4b0fdf9f1c2b	D	-	Moldovan archaeology report
ab5427468106948f5250b1643d59625f	D	-	corporate CSR agri-tech award
d7bca9ea35c3410dfd646adec6ec2ff7	D	-	wetlands feature
672b96bc7ebbf03642077612739c7338	D	-	commentary on lake degradation
8d0698c44d56bf9378883ddccb26145e	D	-	San Diego flood advisory
da67b02176fe98a94d1447cbb412ae4c	D	-	Laguna Beach photo contest
243478c21444cf82127a37ce6bca2039	D	-	US health and diet article
16ba45ccc15c7c62e21bd3e5b2b24555	K	T1b	invasive fish threatening lake fisheries
30ae25cb6fe54c932614bfe5472892d4	K	T1b	fishers demand inclusion in solar project on fishing grounds
22937842ecb87baaa2ce4b4658f73e32	K	T1	swine fever returns, pork prices rise
be94ffdba3bd4a8e6af7fdd01d46da65	D	-	agricultural waste processing facility
4bc1f6d53670cebf76805ff470f0bbca	K	T1b	four towns declared ASF-free
466400faf808364384681915aaa61672	D	-	viral floodwater clip
321372a1e71299d6aea1fe5e753171b5	D	-	celebrity tree-planting project
a3c4f2ca12497c941283c99fd6037e96	D	-	aspirational fish production plan
9527edd663682bc9c4f058b466d815c0	D	-	agri technology adoption
5409bf0a0d93e140798093ce5edc64dd	K	T1b	dead tilapia in Laguna de Bay
fb1ee436de6e66d39eea5cd373bfea06	K	T1b	aquaculture production under El Nino stress
68a61694dc4f573ff5a1c3a8eefd2019	K	T3	ayuda assured during ECQ
87e924f7cd1b5c67c3a96cc44384aacb	K	T7	relocation of submerged shoreland communities
9edc715c1c4fe0a90fb63dc54de98c6e	K	T3	community pantry launched
be788000a3d4b16646d792f801b49b2f	K	T1b	fishers complain against lake reclamation
04eab8bc68715234758f6dbb09a4247b	D	-	corporate CSR vegetable farm
8e3023c13ee957c51b3db760593cb8f8	K	T4	subsidy released to farmers
f8eb395ac983220bd88ea874ffaa01ec	K	T8	attacks on farmers in land dispute
668b40676f0296eb4665769b0081d83a	K	T1b	invasive fish threatens lake
3c9d9adfbb852ac025501ed3e332e744	K	T4	expanded livelihood aid for fisherfolk
8e3d0a23e5b9e9649fabf32f983decbb	K	T1b	fish kill linked to wastewater discharge
1d293a233a801660892aead26025aa04	D	-	human-rights abduction case
6a4c8f48533cf39a1a697eb1b47d3e6e	D	-	fingerling distribution, capacity building
90d6945a016f0adc3a2c55ab777245be	D	-	harvest photo essay
b19d98f288aa97ae628d2d0ae4323b6e	K	T3	P20 per kilo rice in Kadiwa
e33f4fc1badf66570aeb5630bd9c5208	K	T7	calamity declared, 55,000 residents displaced
265255c40f8b53a771c49f2d3fc73d21	K	T1b	fishers rally to protect lake fisheries
cac132bf1f3e935bcb7eb18d0c6724e8	K	T1b	invasive fish threatens lake ecosystem
3ce9057a023ccca92ddfac8d0f965bed	D	-	biogas facility
8206f9f8294eb8f842755905e0a15e82	K	T1b	solar project to affect 800 fishers
87d3f9d39800035f9cf39764a15df2d0	D	-	diplomatic visit
2400751e7e95a5318ab926774fcf764f	K	T4	fishers feel excluded from lake programme
55a782a9258a525247cec03b2cae819e	D	-	recipe feature
ad4f5fd025ab8caa576b26b1a620744b	K	T3	coop-led Kadiwa outlets
19c365ed5f146abf6d9467b73a0a3bbe	K	T3	ECQ ayuda approved
73680f791bdb959a418f147603e9d181	K	T3	P3.78B ayuda approved
6ed546a7a95bf99fe6d756e84f1017da	K	T8	attacks on farmers in land dispute
abe7ba3127323b29524509ed2349b0cd	K	T3	pantry programme supplying free vegetables
815efb69ab8e006c3e6c14685f90ce38	D	-	aspirational fish supply plan
77a134b49515d0a9596b814c20e4e42f	K	T2	student nutrition programme in Laguna town
92a5ac4358706bb55152262c3a2c48e2	D	-	political pledge
bc7dfb267ac72f2b500cf9df03dedbef	K	T1b	alien fish species warning
2c171097fda4dbc5b2654bcf1751ea2c	K	T3	100 sacks of rice donated to storm victims
d2dbc935858b0e742e869716da29b147	K	T1b	2 tons of tilapia lost to fish kill
5008ca5a560ece3122f8a51a74ad6752	K	T4	fishing communities seek jobs and profit share
ca0498581e17d1a8b7eda3e3b2456385	K	T3	cash and rice aid for the poor
7618292dedf7da86eb77ccc43fb9f267	K	T1b	fisherfolk back reclamation probe
3f4d87b4f0c7e6af17a21f67e9ad148a	K	T1b	LLDA probes fish kill
6ef55b2c931510bfe79172ab0886e02c	K	T4	fishers face displacement and livelihood loss
aa38fa3726de72b960b360c8495ccd51	D	-	machinery distribution, capacity building
3465d7071487d4d4c35ef65526001f04	K	T2	nutribun programme bridging nutrition gap
3cb4c24ba67c528db41e20316703c3a1	D	-	aspirational fish supply plan
699dd2815d4b14daf02b25c5c9eed992	K	T1b	fishers lose lake share to developers
bafe48545c15aa2b1d76db4ecaa50f0c	K	T1b	fish pen area limits exceeded, COA finding
a5c88094f5b43243eb16998a0daa2dbf	D	-	rice variety research hub
44f4ada518a65dc435ee696f5ef3ea14	K	T1b	fish kill traced to algae
deb47ab01c33fde3596b4f693c3918ba	K	T1b	BFAR response to invasive fish
0c30ff0953d4ed1ea670b8a9f27807e2	K	T1b	fish pen owners lose P115M to typhoon
3da0b1d9e58c308eeacaf60f71aa9cc4	K	T1b	fish kill losses reach P1M
28e1896dd696080ca2ad7672b126fd49	D	-	routine cropping schedule
40b1146bfd3af16472e010bfe2eadb5b	K	T1b	ASF spreads to three Laguna LGUs
6237edaee3d8fadc5e8b3d3d749b2f9e	D	-	digitalisation, capacity building
4435ff20e2814c9ccdf0d9456a1cf280	K	T3	P2.7B ECQ ayuda
9ffc48b2792032655e61bc88f5488ef0	D	-	aspirational fish production resolution
808d6b90e843dd44629c21d8e683ac84	D	-	bridge construction
6c9305816ecf4f717e4a6a841f363275	K	T1b	rising sea temperatures affect fishermen
9cf5e62b859e281f53d87fb5eb634473	D	-	opinion column
bd3b767787631b99b86cdcee075f65bf	D	-	flood rescue human interest
98c2d80fc02c507cfca44ec470f1b171	D	-	electrocution fatality
6b98b404da304a106eee407ec9c24f67	D	-	landslide casualties
c578bc08e976678703581187b0d7153d	D	-	landslide fatalities
179d85bd65277e4c02ca76b1d6fd8226	K	T3	cash aid to landslide victims
af8200336d36136f5756b6e5fceb575e	D	-	advertising trade source, corporate CSR
cce2a33b43dbe117070c61cfa72c7824	D	-	bare calamity declaration
6c70578c0392ddd3c26436b1e38e9f85	D	-	agroforestry feature
e63aa4e9209815f251e3a1b2d0add705	D	-	travel blog farm visit
b9c3613eb55e4b7f0b825799af03fc32	D	-	weather bulletin
92afbfd5c9e34d6946184038eb9a70de	D	-	landslide rescue
5ec4381e7f05d53b1c69f04f7bdb096f	D	-	weather bulletin
69cd2fca491f09ce7a49fd44ef4ea24f	D	-	school repair advocacy
582d3a788ebb2b47e4010a6f833ae8fc	D	-	weather bulletin
046d89aeecb4842a3882af2d5f162a9b	D	-	weather bulletin
41f11ecdf4c3d2bb21841e4d88abbe78	D	-	national price outlook, Lopez surname mistag
d2bd6f05bf49ac464eeebf8e0918b028	D	-	national quarantine policy, Lopez surname mistag
d5eaea5308118476f11887f5b481cf9a	D	-	national aid modality debate, Lopez surname mistag
6685ce199eee22acb84e72867125c046	D	-	flood human-interest item
2de8521ba83179c7753f6bd3a8a3ae65	D	-	national partnership signing
36db81b5df5f9257b97aadd8958163c3	D	-	legacy project column
acf1718b25d1b60e119096bc410bfd0b	D	-	road damage, no food-transport link
5188782e3930a0cb6752fd2224325d9b	D	-	facility turnover, capacity building
43e805d86f415760bf13358680eb8d4c	K	T7	hundreds evacuated due to flooding
a3529b850cfc01090c4dd23b394d4887	K	T7	15,600 evacuated due to storm
da85f6f576032cfca769ad3774b9083d	K	T5	trucks stranded on flooded highway, goods transport halted
35d5256d7899d922a5d1af5dc02bce97	K	T7	610 families pre-emptively evacuated
141f73d2fd48ef12df6f7ae6cc85cd79	D	-	class suspension
1790d2cee7efc277e9f43a895f9332b1	K	T7	584 families evacuated in Lucena
5fd35f85c25908df31c2cfebee33a152	K	T7	5,936 residents evacuated
4653ff6774bea24e6abb3dc0518c6dbb	D	-	bare calamity declaration
abdfff33636ffcd3c63b157c55e129f9	K	T7	2,200 families evacuated
80ab07034270330c9d7308cd62a92862	K	T7	Paeng displaces thousands of families region-wide
c82f456eec3a1f7a51b3d2f6fc498e56	D	-	bare calamity declaration
976da5670731b5ca38c60fddc9eaf9d7	K	T6	P140M crops and fisheries destroyed
c6464904e810d8319fc439b235789aa2	D	-	sea trip suspension
c9fe5dbfe9050ee64c8e79e5dbe8db94	K	T1b	illegal fishing and mangrove destruction
27102cb8ddc03888971d78f472026955	K	T1	rice crisis and coconut farmer demands
d0672025859979c7f818498edbc7dae3	D	-	typhoon fatalities
3f86ff5ea488589a78a220d49b77a584	D	-	typhoon fatalities
9c4b10412bf1c803a39a6baaf16d5063	D	-	missing fishermen
fc02ef21772adf6b51a348503db63c1a	K	T7	monsoon affects over 1,000 families region-wide
0f123ee923399ae75b581e9cc3287c6d	K	T7	4,525 families affected region-wide
11c1203486e4ebc29d3ef54bcbb33ca6	K	T3	rice distribution in Lucena
45f50df8de686840b3a4144674ee9e50	D	-	scholarship cash aid
97e9a3d22018cad655b765dac44b6e18	K	T3	rice and aid programme rollout in Lucena
48608e238ac5e3399cf056adabcfd698	D	-	extension advisory from the Laguna/Rizal PCA offices, Lucena is only the dateline
c0c4e88766da799dc95cdb53c51af56b	D	-	national peasant organisation, Lucena is only the dateline
a6e209be364c396040e6ff674430a68f	K	T3	P5.49M farm machinery to agrarian reform beneficiaries region-wide
6d105f8445190e7fb9c73e21e7365c2d	K	T7	70 families evacuated in Taytay
06f6638dba74a55b218ae68c0254aad3	K	T7	3,640 families affected across three provinces
2cab0515a38b55695736a57949492333	D	-	class suspension
55315a62e75e294130d2f9a1e236b239	K	T7	100,020 families affected region-wide
8ce58d6b6ae30dd254e5570bae3de548	K	T7	96 families flee flooding in Lian
d72f8a5a86eed0f5dd5a7bfad6697500	K	T7	2,947 families displaced region-wide
08caf85891e84c419030b82a278f1800	D	-	farm feature profile
2bf7e713ea81f983952bb6e2f9e9b554	K	T3	Kadiwa outlet opens in Lucena
d56a91c235ede2a02ba4841d2a18357f	D	-	corporate CSR dryer donation
16f0ec09a0fdb4686c25e2496bd07199	K	T3	rice aid to 52,000 beneficiaries
d4936a2b6f3bbfde9a4d616055574b8c	D	-	farmer training, capacity building
0b13746905f54104b449d1282fc93657	D	-	landslide fatalities
8f0506e480d8a2b0804b4007c7fde871	D	-	fishing enforcement
ba7185b2d3c0bf305694c7a0e67d7dbb	D	-	motorcycle club event
14065cd0d5c52e909f1345f529f73441	K	T4	TUPAD cash assistance to 408 residents
967ebd2f3da8e9aa6011e485347d01f7	D	-	non-news source, aquaculture feature
98562c4af432664804f3946899eaa1cf	D	-	flood susceptibility map
c6c711ba4893f540e775e2a3299258b5	D	-	maritime rescue
7f512cfc0b9849ceede05e18a1e128a8	K	T3	1,600 food packs to typhoon victims
573fe751475f38c06daeda95ac466002	D	-	weather bulletin
64e007cf7a2b8962c85570c3ca29a051	K	T8	agrarian reform claims contested
5ea2806e9eb1febbb46f2105ab1d5ba9	D	-	class suspension
9ef04359b633ea5e186f20f02cdd3e90	D	-	irrigation capacity building
27f0c0c69692df78f81a89e07b5053c2	D	-	weak source, corporate CSR
89bf8c3a898437a5d6a083ee78ae85f7	K	T4	livelihood boats for fisherfolk
573833b810d509048f464a787ae085f5	K	T5	non-operational fish port
a51fe98883cb623f38db4bb1c90329a9	D	-	wildlife conservation
b799e5e9ae8341873342f55b4caa82fd	K	T3	2,318 typhoon-affected farmers receive aid
5a23406e1537846d3414e07323e2c5b8	D	-	wildlife rescue
2765535d76fb83845aa574d1b61167bc	D	-	foreign outlet, national maritime issue
e56036330ca8406c6a56371cc310b3c9	D	-	road closure
7fe749757a1f3270e82ac9b15a955f86	D	-	national opinion column
d80db681463a9f25cf2ff1def6f9e053	D	-	national opinion column
a991ff062aa1e66e7e53d1716a71ca2f	D	-	national opinion column
59913f16b134ac1a6e9f9227b2b9e1c4	D	-	weather warning
98b280a1601b10f906c9f0757f002ac6	D	-	flooding and road collapse, no food or displacement content
462f66b4cad7adbe4b185ec26b2452b2	D	-	political commentary
c380ec5cdc1be6c273ddfead860ff2f5	D	-	national opinion column
7ca18c2cbfd9f7c7fa186ba9a5f0ea4e	D	-	West Philippine Sea dispute
c77e9b9591cdd2ec086cad74eafb4b33	D	-	West Philippine Sea dispute
a7712a25a765cacb9cd612f9d66fa0e4	D	-	Palawan farm, wrong region
5ca870813503cb4a639864eacfd4377c	D	-	dam consultation process
bbc05cb46e9dc44dacf9ac8d00e54554	D	-	national fish importation, Quezon City name collision
9035ef29e2d669e7e51bc568a1ca2ead	D	-	national opinion column
ffa8d1491edafd2e8198e9f6dc4bb476	K	T3	3,000 sacks of rice donated to typhoon victims
c6b002362a2ee3bb922a8709d5248f3d	D	-	congressional hoarding probe
2c2f3d328a4c7aaee2dd9d1da506170d	D	-	national opinion column
61639af8768f0cd27500b43aa3bac509	D	-	Visayas nutrition plan, wrong region
de3d498131b2089aba60703261912e05	D	-	maritime territorial dispute
63e1c80337f0c7ae79ba9b61f902cd5d	D	-	flood-control masterplan politics
ee1595b89289a5237defea4dcb9114e0	D	-	corporate CSR report
3a2eb159ad569240f561a4443a8ad1f6	D	-	maritime territorial dispute
e892a67349424fb583db4c2bad86b8c2	D	-	national opinion column
e9d4ec71804c865112bb99068677ed0e	D	-	seaport and class suspensions, no food link
d62f79827c023464d086153c9ecdd198	D	-	corporate sales convention
54bc78d63173536d15cfc443097be113	D	-	rural electrification feature
8c32f0fc18228a002a1d1415b9686c66	D	-	medical mission
2c981c9120b9d78aeb1d86807cb47ed8	K	T8	farmers sustain land rights struggle
43486a8e1626b0e56d74bb8bfc9e2675	D	-	farmer feature profile
ef15b6c20d12bf17a6d8d0f3db3ed98a	K	T1b	province regains ASF-free status
e55bf05d271cd19454c08febb98d007c	D	-	precision farming, capacity building
cad52d40b10883e842dcf99abd4ccde1	D	-	hatchery capacity building
6fde897887037bfb323bd1ed15ac79da	D	-	flooding and landslides, no food or displacement content
53489726baec4643b436b2f3aaa331ef	D	-	produce delivery logistics note
756bcd290f8d40304f96a5f7b521e584	K	T6	pest attack on coconut sector
dc96db067d1a90ea264a7585849560d6	D	-	fishing enforcement
d86c4d4121ded648eb0535b42af1bca1	D	-	homicide
e8b9e49f71c10e6465ba9f9b9ff4cc5d	D	-	corporate sourcing arrangement
3d3ffccd0f4f49623fa54c16ec3cebbd	D	-	farmer training, capacity building
1e6c394cb3f58f287a0d7c5af5218285	D	-	land title awards, no insecurity condition
3b29a53fc8dfbcc3d6d7861d30922e9f	D	-	bare calamity declaration
9e86514b724ef33f14c3f617e66d1b38	K	T7	22,000 evacuated by tropical storm
a31b7ee93ac7791138707be362c0be11	D	-	flood fatality
d2658723ef82ff538cd1190d45e55582	D	-	climate forum
0ac895dc4935befdf065b611250db196	D	-	seed distribution technology
4f580fd3ab62dd52dd9baaf7ba2af2d3	K	T4	P5,000 cash aid to farmers
003b4993f623995c6ce78f44105f9b7c	D	-	road project
7bfe9cbcc5006d480ddce4265a4d51b8	D	-	seedling sourcing advisory
5748b974b3d1ab695aec0b90e17987e0	D	-	homicide
65dd352d349052fa7fe04490f67c3bdf	D	-	irrigation capacity building
6b55b8d2f3bebccee270ecf13cab383f	K	T4	festival as lifeline for struggling coconut farmers
0aff2c38ec98f97dff850e549000f52a	D	-	organic agriculture promotion
63223abfe3030232c9578a4ac9ee31b2	K	T1b	province declared ASF-free
8321d5b1d769c2d21a9dc76710195b78	D	-	electrocution fatality
63a86a1f154e94c086385d91a67c7d48	K	T4	farmers lament neglect
4d1730a4c4f8e850232663e218377c45	K	T1b	seven towns log ASF cases
3c713f173322b61f40992e0d5288dbdd	D	-	jail livelihood training
1565ff7d8952d3c125e0708b18948d0a	K	T6	coconut farmers struggling for climate resilience
26115e770d580bf8a45733a48b993067	D	-	bare calamity declaration
ff4b27c1eb4a6678666c59b98e03b3f7	K	T7	9,000 families evacuated
f78e5f6dd190c3d76697df36ed63922c	D	-	landslide fatalities
c3bc52f1508dcfcfbc80541eb2aa7c48	D	-	animal attack fatality
b784ab04a1be1311cac069d1e943cff0	K	T3	subsidised P29/kg rice to 1,000 residents
ef8714faddd832b3f736d010c4634faa	K	T6	land conversion threat to farmland
903e8f9a1d788d5c40efa4400adfa841	D	-	aspirational support programme
3488276555e964b0c281afb8b86462a0	D	-	anti-drug coastal partnership
b97f872763c6dc4eab1c8edaf553ee89	D	-	festival feature
38f59594613d0e127ae2d25170a58c11	D	-	farm input distribution, capacity building
c1c65f7ccc314383056dc9c8a017d9d6	D	-	homicide
6f5dc19be37b7539b75f233def854f2d	K	T6	farmers skip rice planting over El Nino
4d35bc27d17315842825857667dc55b1	D	-	electrocution fatality
6f6373464a838f3e08fbc955f66d4b14	K	T6	P186.5M damage to crops
10def543bfa2d7e7c857d23032f946ef	D	-	homicide
e25c803a05598c03528f090ec7f1cc47	K	T6	moratorium sought on rice field reclassification
28f5100722dee2149c77811d54af8830	D	-	maritime rescue
9a4e8a2f594067602de2bcc770c12801	D	-	irrigation capacity building
0f97934162d68a0d27009f28be42084c	D	-	drowning fatality
3e7b240a28d629910c1f8dbcd6370ca6	K	T6	farmers fear losing land
fadd17d5a7f6ef803c6635d1863148a5	D	-	coco levy politics
278e20b274ff5c1f3d2c12d01a19913c	D	-	bare calamity declaration
e1d4bb7946312e88b9e1a814dd01664a	D	-	farmers market feature
8ffa3c91b6a6fe2b8b66540b3eaf4247	D	-	organic farming capacity building
9040f06b145c8c57d8021dfc9b9d15dd	K	T1b	fishing no longer viable as local livelihood
d8c241c315855282993b6cec24c479e9	D	-	landslide fatalities
7f5cb0efde30d563dcea8d31d749bae4	D	-	political feud column
8d7e38f0844be2f8859dc8239fdbe4c8	K	T3	subsidised P29/kg rice at city market
b4ccf227a5087627982e3f8fe397e22e	K	T3	rice programme as lifeline for vulnerable sector
59bd5e0aa17e373e413c9ff75c917b12	K	T3	Christmas food pack distribution
b36de281508c349a7d10e09c8887f99f	D	-	programme award
aff01f2d249e73483002f17ee67c4546	K	T3	Kadiwa store offering cheap vegetables
8cd95cf14b8cfd4364a6098b3fbc5018	D	-	land title awards, no insecurity condition
8fef1354b83a48ac9c81caf4a1e2893e	K	T3	P20 per kilo rice available
c912997f78cfafb3bbe4e3986e3ca119	D	-	election rule on ayuda
90bbc75ecef3c1953e9fe1eaeb916cbd	D	-	nutrition month contest
2697ccaa0d5860e41b6d9e694425ccd3	D	-	editorial column
5e5e4a86e868b44197b7e12217962b8b	D	-	maritime rescue
b326983a33eed7945f0baaf2dff9660e	D	-	nationwide cash-aid programme illustrated with Muntinlupa (NCR), Binangonan is a geocoder false positive
ebd2353634ac4358a36c6745dc845320	D	-	class suspension
365e96bc414302bfa7c532d66e1e8cd9	D	-	government office closure
e33ef6d2d3f1eeaeb672ee66093671d2	D	-	flood human-interest item
b1a00ef2d829f9fe7ebdb3fc18a37fda	K	T3	Kadiwa store opens
a66b210d79e33251daceb82cf4127fa9	K	T2	partnership against malnutrition
f04b0b0f916cd70bca715d3be4e2c0fe	K	T1	vegetable prices rise at market
1d2f443b6e57635be8a216f280cb51fa	D	-	bare calamity declaration
58a866060da3645f154014c658095ba0	D	-	flood drownings
d60d90e2391dbaa270205c5fae946c2a	D	-	event announcement
afbf2a8e5928717f3ea253ac79939b0d	K	T4	fishing gear provided to 3,000 fisher-families
e93da5f08fabf782f8dbdb77e8f072dd	K	T4	fisherfolk hit by fuel prices receive aid
cfd0eb84a9833c7a37e51c0e484048db	K	T1b	fish kill probe
511d346f6e47afe3edfed6be2cae7d5c	K	T3	community pantry bartering food
d4659c5a94c2123ab780dfc022a6e245	K	T1b	fisherfolk appeal for help after fish kill
e7cd5ceacc0b4ac95724be6e9c28c015	K	T1b	ASF status declaration
62c74331d3354978fbcc24e33ad7450e	D	-	political fact-check
3807eab1f1ec664e883ba901138a3ceb	D	-	Quezon City avenue, Rodriguez name collision
6b4224161d60ad3d9967b80db460c879	D	-	dumpsite collapse probe
a79e0f32bd3697bd7f383a48226c435e	D	-	rockslide fatalities
0c3241b2340b8bfb846069181c8c116e	K	T7	residents rescued to evacuation centre
d0ec0435b6db0221e8319b68fbb50c5a	D	-	author surname collision, no CALABARZON tie
96545f864904e6a88578c3b3dd0c3c86	D	-	celebrity relief distribution
38d31aa05893d1a46592398810770da4	K	T3	hot meals and food packs to typhoon victims
a6833246fb058cc9ebc1400d34bcd796	D	-	flood-control project report
d4ead8c1dbf112041e5b0f10763c6937	D	-	blood donation drive
cbc4742cfb9a6f03d836cf831f94c887	K	T3	12,000 monsoon-affected individuals receive aid
b3d6eff0bf42b14d4a47f305aca4ae79	D	-	fact-check item
f5a0062b45fd348bf40597ba4154d164	K	T7	residents sleeping by roadside after flood
48682b5f14f70002b86c55190dd0dcd4	D	-	non-news source
665a2129a35b6003b85304dfab82b048	D	-	flash flood fatalities
4b3669bdbdd0922b7fd01f5e369e75ae	D	-	corporate community service
24c69dce924a431a47debfa1c13a746d	D	-	farmer feature profile
941cd3a254fff0519eecafda59ddddc9	D	-	flash flood fatalities
1287cfb55b377c762a7c1cd5937da014	D	-	shooting fatality
bfaf33e22b1948bd9c8c77370f80037b	D	-	celebrity relief distribution
2391b4d56d714997117dc88149ce8af9	D	-	celebrity relief distribution
0b338747440c7b00c7e33ecd2c804c33	D	-	celebrity relief distribution
42c45cbd05a562b3a7f5489065ec72ab	D	-	food culture feature
1bd956822e9bc3609050366527c53715	K	T4	alternative livelihood for fisherfolk
97350a361c1b4a9ff707a0c70c074f96	D	-	prison escape
55b2a6bde24c8a69e2a2b1e7b372258a	D	-	class suspension
1335e912d2a612c80edaf101e3be605a	K	T1	residents forced to eat salt out of hunger
CBMizwFBVV95cUxOMm1CbVFEMVBnOUNzQ19YRnM3dlR2VUdOTVd3czN4UC01S21zakdpVG1SUDE5OG9rbEpkTE5qUU9QbXFFWFlfSGhfODdzVWdnM1Vkam9FR2RkSzZEcE1ncm9pU29iMFFYOEExakMyZDZlTEdoTmxqNzVrZ0ZZcHJpOXRpS0lRWmw3NzJnZHJzUW5jSDN5dldVRU5ZN1YteHlFQTcwdHJ0UWVXeTJjcDF2cGFsanZSWmsxeV9fZTlxSk81b1RRUTI2eUI1Zm9BdU0	D	-	flooding, no displacement or food content
d05d01dce952a67e1fdbd4e7bf46311f	D	-	watershed protection legislation
e078532ebcb2ff0665d7b1a1a7998db5	D	-	art fundraising feature
ff5f45fa750f5b9e5738a62e34deda81	D	-	flash flood fatalities
f1133d55cad536b49824e8960abcbef3	D	-	flash flood fatalities
a467873bcb61c63b13707caf9848b272	D	-	opinion column
763f486bafcbfb84129f550f73bdc656	D	-	Manila charity show
78bea080112bce46b88b197edf931b2e	D	-	landslide fatality
2dc0215abc971a0dca40d59f23b05d2f	D	-	budget utilisation report
46f7a45670c354ed37150defcf05fc4f	D	-	Metro Manila urban farming
927a933014a453c374bf3db9d912eb9d	D	-	bare calamity declaration
bbf5b7edcdbc187a834c1aaefd84d082	D	-	Indonesian budget politics
20844ea6a56b1673863532b29e83fe8d	D	-	Indonesian rice export
082b78577733eaeb260f224a7ebb4af8	D	-	Indonesian rice export
616be8d5b1f6ee64d591124d5ea5a3a9	D	-	Indonesian rice export
4693d6830efd88b03632a697f60d0a32	D	-	Dapitan heritage feature, Rizal name collision
8cddb21dc6ecbb1dd409c054706840d5	D	-	celebrity flood item
a462133d0094fac2cf529b9fb7cf0b32	D	-	flood-control infrastructure
b956fcd087b96c87bd4ac01ecf8e6c3d	D	-	burial cost appeal, not food related
3ccb0540bde0199e82f99d4fa604b48d	K	T1	residents forced to eat salt out of hunger
2504d9a543b4d692957f7c25c8f2636f	D	-	farm business feature
6086f8a25fde92fb24e3c27ab65b9771	K	T3	deaths during ayuda distribution prompt reform
52c81fcc11679932b3748628962fd95e	D	-	frontliner vegetable donation
37e15e4a482688861697cedc581741ea	D	-	travel feature
039bdc7daaa03deca8107e24efbe6c0f	D	-	flooding, no displacement or food content
10bcf61ed88da288df620ec3698dec33	D	-	rice paddy art feature
3ae54539dc9c63a2e332cd45cf06d131	K	T2	supplementary food and multivitamins to farmers
e76bd934763e8088af8d3aac0de88fef	K	T6	solar plant to replace rice lands
36e44a794650e4294cd4546264666ff6	D	-	food hub capacity building
16a683ac1bac8a7f8763fa46179acd09	D	-	landslide fatality
10773c8a38c239f82f58b096dc441b50	D	-	agribusiness feature
b73db9fe53dcf438e4b3c6e828efb49f	K	T1	waste pickers fighting starvation under lockdown
7a94de4bb5680bcffcd8359830d5097e	K	T4	fisherfolk hit by fuel price hike receive aid
213451bfc0e4072b2e1c4e24450a37e4	D	-	farmer training
f047a0249a025b23a11671a04e47bc2c	D	-	flood fatality
5a0e18148f54a136d4dd4d322b4e08da	K	T3	subsidised rice reaching communities
506df25890b55482629842f989818442	D	-	national-scope driver, outside the CALABARZON province/city scope
18316abc21c251bdfbbf8e771c4562b6	D	-	national-scope driver, outside the CALABARZON province/city scope
3a1cf44da7294cb55beb17dd146451bc	D	-	national-scope driver, outside the CALABARZON province/city scope
4190985b62e9860134809a4695a482ef	D	-	national-scope driver, outside the CALABARZON province/city scope
0901fca8722f8f638ba5f20457b47267	K	T1b	fish kill in Taal Lake
6f875beffc5ddb0e4056ec309bb92aa0	K	T3	assistance to 12,000 distressed sugarcane farmers
7ef7c9bdbf4b70548b1e3d9f180b0b45	K	T3	ayuda distributed to Quezon residents
6406f6e7230342284b658ad1a8e74751	K	T3	anti-hunger and poverty drive in Quezon province
da30b0a0a31a5c1d8cd8b1b7f374ffaf	D	-	near-duplicate of the retained Batangas beach-cleanup-for-rice story
08af04d452dc13f08cf39b2defb89a2d	D	-	election administration ruling
1d7d220f920dddefd7560e1f6df597dd	D	-	corporate investment announcement
e8bff836e8acf2d25d297bd781d450c0	D	-	corporate investment announcement
3d912830bd00f5b8379dd50fe2552797	D	-	Nigerian Agricultural Insurance Corp, Naic name collision
d9304ddecb933d3c2ed9022fbcbe3672	D	-	Nigerian Agricultural Insurance Corp, Naic name collision
028c82e6afc9b2a667b6440750217a19	D	-	US insurance commissioners body, Naic name collision
e6aca6dab8af5e551ca1e56c91651ff6	D	-	Nigerian Agricultural Insurance Corp, Naic name collision
62558c0e5d579ac43a7ecc30cd64f225	D	-	corporate investment announcement
be3e814b9ac3195be42dcef8470cc722	D	-	scholarship assistance, not food
78de51a8d624918ffc23e3b3a65163cd	D	-	transport-sector cash aid, not food
a046bb87e9fc00b66cd936b7f6d062dd	D	-	animal welfare case
9a380d39835317d7ba6981edfd9acaae	D	-	aspirational fish price plan
d62c6e0607ec76e7a92adf43c4e6c1be	D	-	Laguna Madre, Texas, name collision
4ac42d99507ae91ad60d6853c2c9060e	D	-	Laguna Madre, Texas, name collision
24ae03d1e3387c46474875a4a64c6a6c	D	-	corporate CSR donation, weak source
9ab924552a96862fbf5846c0041d50e2	D	-	cooking programme, food culture
470f056a0425d88079d0c2aa395326bf	D	-	Laguna Beach, California, name collision
fde862bb82c576c0048592bdaea28055	D	-	Laguna Beach, California, name collision
9e15cb382ac954988070bfc85f014465	D	-	near-duplicate of the retained Laguna P20 rice rollout
bb9969ced99a7a279093b965c1eb720b	D	-	organic farming feature
86a6310b817190c7ee2eab80b8372d44	D	-	unverifiable date: ECQ-era content carrying a 2024 feed stamp
793855043c8f4239ec4c13f30ae0abc9	D	-	Laguna Beach, California food festival, name collision
077b1b3ffc4f9ef29e3db9de7e508c33	D	-	near-duplicate of the retained Laguna P2.7B ECQ ayuda story
7a3dfd3e2d16132bffcbeb25f6ff0cb9	D	-	land title awards, no insecurity condition
2ce4d42c5956bfcfb9ccc8f699e5750d	D	-	near-duplicate of the retained Rizal fuel-price aid story
f33523f7cd0a0aa0a05434d4d6ee8c5f	D	-	irrigation capacity building
2faf3bc947cf5ddc7d16069a88e56a4c	D	-	national-scope driver, outside the CALABARZON province/city scope
0677eb0b12c0043050e4d682f7aa0d20	D	-	national-scope driver, outside the CALABARZON province/city scope
8c6b23f4a7a4b2bf6a566fffee38c276	D	-	national-scope driver, outside the CALABARZON province/city scope
d2ea600c8a51c599c37b7e08b9268d8f	D	-	national-scope driver, outside the CALABARZON province/city scope
19464fa7e0eafecfbc7d49fdeb83e6b8	D	-	national-scope driver, outside the CALABARZON province/city scope
26d2decd17dd1c059dddd803e5a23bcd	D	-	national-scope driver, outside the CALABARZON province/city scope
85bba0a00b7616ac33051022f8aa97d9	D	-	national-scope driver, outside the CALABARZON province/city scope
20dc9333cfb541e9bd6d722d80ad98cf	D	-	national-scope driver, outside the CALABARZON province/city scope
cbd5126d6df00a7d50f553a5b33ee0e6	D	-	national-scope driver, outside the CALABARZON province/city scope
8945ed0de0125259d197198cc2a6bf49	D	-	national-scope driver, outside the CALABARZON province/city scope
d1c0074a375df67ad0cdf8c69d66b7d7	D	-	national-scope driver, outside the CALABARZON province/city scope
042a660a9ad81d48a26b35667bfc0309	D	-	national-scope driver, outside the CALABARZON province/city scope
58473759912644e664a0c2c477baf6ce	D	-	national-scope driver, outside the CALABARZON province/city scope
86a42fae868106ea9443a2907c2963a9	D	-	national-scope driver, outside the CALABARZON province/city scope
fe4e5dac66b1a62738a9834f3ae1449f	D	-	national-scope driver, outside the CALABARZON province/city scope
e31cb4c8cfc518c53524c36eec4a69be	D	-	national-scope driver, outside the CALABARZON province/city scope
7281c555bd11c508e0ec4e55ac6c1307	D	-	national-scope driver, outside the CALABARZON province/city scope
b6d6698a6fdfac161f92ab6a00c875bb	D	-	national-scope driver, outside the CALABARZON province/city scope
5c9f15f1863ffb8d0035985fc32f8602	D	-	national-scope driver, outside the CALABARZON province/city scope
e784b9f0bd40dd63858450da48dd6fa7	D	-	national-scope driver, outside the CALABARZON province/city scope
aa08fd2a9c8d851ebb435af9f221fb60	D	-	national-scope driver, outside the CALABARZON province/city scope
c054a76a333b4cbb28f522802ea22ff4	D	-	national-scope driver, outside the CALABARZON province/city scope
4c77b4279de6d8b1bd42880fc5a3feac	D	-	national-scope driver, outside the CALABARZON province/city scope
7dc826c2f9ded2f6887c082b3a3c43dd	D	-	national-scope driver, outside the CALABARZON province/city scope
84f511200a2b90fe4d7740413a416311	D	-	national-scope driver, outside the CALABARZON province/city scope
a73e077765e1c0b088acb2a035ba9c20	D	-	national-scope driver, outside the CALABARZON province/city scope
f6eed4e04091c7ba09bf64f4acb84fc3	D	-	national-scope driver, outside the CALABARZON province/city scope
ca13886c2b2ed7ab57837454d05dfbce	D	-	national-scope driver, outside the CALABARZON province/city scope
956a995bb53e9e1c8627e68fdecfab38	D	-	national-scope driver, outside the CALABARZON province/city scope
2eb1b6519f2b9718d6f726c0cfa44d31	D	-	national-scope driver, outside the CALABARZON province/city scope
915a5a2a49563347638ec29999289baa	D	-	national-scope driver, outside the CALABARZON province/city scope
241c93431b9bed3c8e8b3ecba6335932	D	-	national-scope driver, outside the CALABARZON province/city scope
3490b971c2799e710181a3b218474e20	D	-	national-scope driver, outside the CALABARZON province/city scope
7ce42484705d3dbcae1b27f0182a8e08	D	-	national-scope driver, outside the CALABARZON province/city scope
1cae45eed2418544af1677b195706aa8	D	-	national-scope driver, outside the CALABARZON province/city scope
24ff6e807ecf5a78cf5fb9b1e376d189	D	-	national-scope driver, outside the CALABARZON province/city scope
2f6ee325f62d7294761365b37a94439b	D	-	national-scope driver, outside the CALABARZON province/city scope
422f6d1bec1f3d3b04882224c712a8a5	D	-	national-scope driver, outside the CALABARZON province/city scope
4626e0390d6a378798f0dc3085ded259	D	-	national-scope driver, outside the CALABARZON province/city scope
c0e62b152c1ac5f5d4988a29ea6e6c44	D	-	national-scope driver, outside the CALABARZON province/city scope
8d5d85f114112b506149c75087d8bb42	D	-	national-scope driver, outside the CALABARZON province/city scope
ef8f0880929f7b88225474990d71c9e2	D	-	national-scope driver, outside the CALABARZON province/city scope
cc9a4e947dab5bf1beec0acec9c209af	D	-	national-scope driver, outside the CALABARZON province/city scope
